{
	"format_version": "1.21.6",
	"credit": "Made with Blockbench",
	"textures": {
		"1": "nodenium:item/deked_out/bone"
	},
	"elements": [
		{
			"from": [7, 3, 7],
			"to": [9, 12, 9],
			"rotation": {"angle": 0, "axis": "y", "origin": [8, 7, 8]},
			"faces": {
				"north": {"uv": [0, 0, 2, 9], "texture": "#1"},
				"east": {"uv": [2, 0, 4, 9], "texture": "#1"},
				"south": {"uv": [4, 0, 6, 9], "texture": "#1"},
				"west": {"uv": [6, 0, 8, 9], "texture": "#1"},
				"up": {"uv": [6, 13, 4, 11], "texture": "#1"},
				"down": {"uv": [8, 11, 6, 13], "texture": "#1"}
			}
		},
		{
			"from": [7, 12, 6],
			"to": [9, 14, 10],
			"rotation": {"angle": 0, "axis": "y", "origin": [8, 7, 8]},
			"faces": {
				"north": {"uv": [12, 0, 14, 2], "texture": "#1"},
				"east": {"uv": [0, 9, 4, 11], "texture": "#1"},
				"south": {"uv": [12, 2, 14, 4], "texture": "#1"},
				"west": {"uv": [4, 9, 8, 11], "texture": "#1"},
				"up": {"uv": [12, 8, 10, 4], "texture": "#1"},
				"down": {"uv": [12, 8, 10, 12], "texture": "#1"}
			}
		},
		{
			"from": [7, 1, 6],
			"to": [9, 3, 10],
			"rotation": {"angle": 0, "axis": "y", "origin": [8, 8, 8]},
			"faces": {
				"north": {"uv": [0, 11, 2, 13], "texture": "#1"},
				"east": {"uv": [8, 0, 12, 2], "texture": "#1"},
				"south": {"uv": [2, 11, 4, 13], "texture": "#1"},
				"west": {"uv": [8, 2, 12, 4], "texture": "#1"},
				"up": {"uv": [10, 8, 8, 4], "texture": "#1"},
				"down": {"uv": [10, 8, 8, 12], "texture": "#1"}
			}
		}
	],
	"display": {
		"thirdperson_righthand": {
			"rotation": [-170.5, 45, 0],
			"translation": [0, -2.75, 1],
			"scale": [0.75, 0.75, 0.75]
		},
		"thirdperson_lefthand": {
			"rotation": [-170.5, 45, 0],
			"translation": [0, -2.75, 1],
			"scale": [0.75, 0.75, 0.75]
		},
		"firstperson_righthand": {
			"rotation": [0, 135, 0],
			"translation": [0, 2.5, 0],
			"scale": [0.4, 0.4, 0.4]
		},
		"firstperson_lefthand": {
			"rotation": [0, 135, 0],
			"translation": [0, 2.5, 0],
			"scale": [0.4, 0.4, 0.4]
		},
		"ground": {
			"translation": [0, 3, 0]
		},
		"gui": {
			"rotation": [30, -135, 0]
		}
	}
}