{
	"format_version": "1.21.6",
	"credit": "Made with Blockbench",
	"texture_size": [32, 32],
	"textures": {
		"1": "deked_out:item/artifact/large_amethyst"
	},
	"elements": [
		{
			"from": [6, 4, 5.73149],
			"to": [10, 11, 9.73149],
			"rotation": {"angle": 0, "axis": "y", "origin": [7, 4, 6.73149]},
			"faces": {
				"north": {"uv": [0, 0, 2, 3.5], "texture": "#1"},
				"east": {"uv": [2, 0, 4, 3.5], "texture": "#1"},
				"south": {"uv": [0, 3.5, 2, 7], "texture": "#1"},
				"west": {"uv": [2, 3.5, 4, 7], "texture": "#1"},
				"up": {"uv": [6, 2, 4, 0], "texture": "#1"},
				"down": {"uv": [6, 2, 4, 4], "texture": "#1"}
			}
		},
		{
			"from": [5, 4, 7.23149],
			"to": [7, 8, 9.23149],
			"rotation": {"angle": 22.5, "axis": "z", "origin": [6, 4, 8.23149]},
			"faces": {
				"north": {"uv": [7, 4, 8, 6], "texture": "#1"},
				"east": {"uv": [7, 6, 8, 8], "texture": "#1"},
				"south": {"uv": [7.5, 0, 8.5, 2], "texture": "#1"},
				"west": {"uv": [7.5, 2, 8.5, 4], "texture": "#1"},
				"up": {"uv": [9.5, 1, 8.5, 0], "texture": "#1"},
				"down": {"uv": [2, 8.5, 1, 9.5], "texture": "#1"}
			}
		},
		{
			"from": [9, 4, 7.23149],
			"to": [11, 8, 9.23149],
			"rotation": {"angle": -22.5, "axis": "z", "origin": [10, 4, 8.23149]},
			"faces": {
				"north": {"uv": [7, 4, 8, 6], "texture": "#1"},
				"east": {"uv": [7, 6, 8, 8], "texture": "#1"},
				"south": {"uv": [7.5, 0, 8.5, 2], "texture": "#1"},
				"west": {"uv": [7.5, 2, 8.5, 4], "texture": "#1"},
				"up": {"uv": [9.5, 1, 8.5, 0], "texture": "#1"},
				"down": {"uv": [2, 8.5, 1, 9.5], "texture": "#1"}
			}
		},
		{
			"from": [9, 4, 4.73149],
			"to": [11, 8, 6.73149],
			"rotation": {"angle": -22.5, "axis": "x", "origin": [10, 4, 5.73149]},
			"faces": {
				"north": {"uv": [8, 4, 9, 6], "texture": "#1"},
				"east": {"uv": [8, 6, 9, 8], "texture": "#1"},
				"south": {"uv": [7, 8, 8, 10], "texture": "#1"},
				"west": {"uv": [8, 8, 9, 10], "texture": "#1"},
				"up": {"uv": [9.5, 2, 8.5, 1], "texture": "#1"},
				"down": {"uv": [3, 8.5, 2, 9.5], "texture": "#1"}
			}
		},
		{
			"from": [5, 4, 3.82716],
			"to": [8, 8, 6.82716],
			"rotation": {"angle": 0, "axis": "x", "origin": [6, 4, 5.82716]},
			"faces": {
				"north": {"uv": [4, 4, 5.5, 6], "texture": "#1"},
				"east": {"uv": [5.5, 4, 7, 6], "texture": "#1"},
				"south": {"uv": [6, 0, 7.5, 2], "texture": "#1"},
				"west": {"uv": [6, 2, 7.5, 4], "texture": "#1"},
				"up": {"uv": [2.5, 8.5, 1, 7], "texture": "#1"},
				"down": {"uv": [4, 7, 2.5, 8.5], "texture": "#1"}
			}
		},
		{
			"from": [6.5, 4, 9.07716],
			"to": [8.5, 9, 11.07716],
			"rotation": {"angle": 22.5, "axis": "x", "origin": [7.5, 4, 10.07716]},
			"faces": {
				"north": {"uv": [4, 6, 5, 8.5], "texture": "#1"},
				"east": {"uv": [5, 6, 6, 8.5], "texture": "#1"},
				"south": {"uv": [6, 6, 7, 8.5], "texture": "#1"},
				"west": {"uv": [0, 7, 1, 9.5], "texture": "#1"},
				"up": {"uv": [9.5, 3, 8.5, 2], "texture": "#1"},
				"down": {"uv": [4, 8.5, 3, 9.5], "texture": "#1"}
			}
		}
	],
	"display": {
		"thirdperson_righthand": {
			"rotation": [75, 45, 0],
			"translation": [0, 2.5, 2.75]
		},
		"thirdperson_lefthand": {
			"rotation": [75, 45, 0],
			"translation": [0, 2.5, 2.75]
		},
		"firstperson_righthand": {
			"rotation": [0, -135, 0],
			"translation": [0, 2, 0],
			"scale": [0.4, 0.4, 0.4]
		},
		"firstperson_lefthand": {
			"rotation": [0, -135, 0],
			"translation": [0, 2, 0],
			"scale": [0.4, 0.4, 0.4]
		},
		"ground": {
			"translation": [0, 3, 0]
		},
		"gui": {
			"rotation": [30, -135, 0]
		},
		"fixed": {
			"scale": [0.5, 0.5, 0.5]
		}
	}
}