{
	"format_version": "1.21.6",
	"credit": "Made with Blockbench",
	"textures": {
		"0": "deked_out:item/artifact/medium_amethyst",
		"particle": "deked_out:item/artifact/medium_amethyst"
	},
	"elements": [
		{
			"from": [6, 4, 7],
			"to": [9, 10, 10],
			"rotation": {"angle": 0, "axis": "y", "origin": [7, 4, 8]},
			"faces": {
				"north": {"uv": [0, 0, 3, 6], "texture": "#0"},
				"east": {"uv": [3, 0, 6, 6], "texture": "#0"},
				"south": {"uv": [0, 6, 3, 12], "texture": "#0"},
				"west": {"uv": [6, 0, 9, 6], "texture": "#0"},
				"up": {"uv": [6, 9, 3, 6], "texture": "#0"},
				"down": {"uv": [9, 6, 6, 9], "texture": "#0"}
			}
		},
		{
			"from": [5, 4, 7.5],
			"to": [7, 8, 9.5],
			"rotation": {"angle": 22.5, "axis": "z", "origin": [6, 4, 8.5]},
			"faces": {
				"north": {"uv": [9, 0, 11, 4], "texture": "#0"},
				"east": {"uv": [3, 9, 5, 13], "texture": "#0"},
				"south": {"uv": [9, 4, 11, 8], "texture": "#0"},
				"west": {"uv": [5, 9, 7, 13], "texture": "#0"},
				"up": {"uv": [9, 14, 7, 12], "texture": "#0"},
				"down": {"uv": [13, 12, 11, 14], "texture": "#0"}
			}
		},
		{
			"from": [7.5, 4.75, 7.5],
			"to": [9.5, 7.75, 9.5],
			"rotation": {"angle": -45, "axis": "z", "origin": [8.5, 4.75, 8.5]},
			"faces": {
				"north": {"uv": [7, 9, 9, 12], "texture": "#0"},
				"east": {"uv": [9, 8, 11, 11], "texture": "#0"},
				"south": {"uv": [11, 0, 13, 3], "texture": "#0"},
				"west": {"uv": [11, 3, 13, 6], "texture": "#0"},
				"up": {"uv": [15, 2, 13, 0], "texture": "#0"},
				"down": {"uv": [4, 13, 2, 15], "texture": "#0"}
			}
		},
		{
			"from": [6.5, 4, 5.59567],
			"to": [8.5, 7, 7.59567],
			"rotation": {"angle": -22.5, "axis": "x", "origin": [7.5, 4, 6.59567]},
			"faces": {
				"north": {"uv": [11, 6, 13, 9], "texture": "#0"},
				"east": {"uv": [9, 11, 11, 14], "texture": "#0"},
				"south": {"uv": [11, 9, 13, 12], "texture": "#0"},
				"west": {"uv": [0, 12, 2, 15], "texture": "#0"},
				"up": {"uv": [15, 14, 13, 12], "texture": "#0"},
				"down": {"uv": [8, 14, 6, 16], "texture": "#0"}
			}
		},
		{
			"from": [6.5, 4, 9.09567],
			"to": [8.5, 6, 11.09567],
			"rotation": {"angle": 22.5, "axis": "x", "origin": [7.5, 4, 10.09567]},
			"faces": {
				"north": {"uv": [13, 2, 15, 4], "texture": "#0"},
				"east": {"uv": [4, 13, 6, 15], "texture": "#0"},
				"south": {"uv": [13, 4, 15, 6], "texture": "#0"},
				"west": {"uv": [13, 6, 15, 8], "texture": "#0"},
				"up": {"uv": [15, 10, 13, 8], "texture": "#0"},
				"down": {"uv": [15, 10, 13, 12], "texture": "#0"}
			}
		}
	],
	"display": {
		"thirdperson_righthand": {
			"rotation": [75, 45, 0],
			"translation": [0, 2.5, 2.75]
		},
		"thirdperson_lefthand": {
			"rotation": [75, 45, 0],
			"translation": [0, 2.5, 2.75]
		},
		"firstperson_righthand": {
			"rotation": [0, -135, 0],
			"translation": [0, 2, 0],
			"scale": [0.4, 0.4, 0.4]
		},
		"firstperson_lefthand": {
			"rotation": [0, -135, 0],
			"translation": [0, 2, 0],
			"scale": [0.4, 0.4, 0.4]
		},
		"ground": {
			"translation": [0, 3, 0]
		},
		"gui": {
			"rotation": [30, -135, 0]
		},
		"fixed": {
			"scale": [0.5, 0.5, 0.5]
		}
	}
}