{
	"format_version": "1.21.6",
	"credit": "Made with Blockbench",
	"texture_size": [32, 32],
	"textures": {
		"1": "deked_out:item/artifact/petrified_skull"
	},
	"elements": [
		{
			"from": [4, 6, 4],
			"to": [12, 13, 12],
			"rotation": {"angle": 0, "axis": "y", "origin": [7, 0, 7]},
			"faces": {
				"north": {"uv": [4, 0, 8, 3.5], "texture": "#1"},
				"east": {"uv": [4, 3.5, 8, 7], "texture": "#1"},
				"south": {"uv": [4, 7, 8, 10.5], "texture": "#1"},
				"west": {"uv": [0, 8, 4, 11.5], "texture": "#1"},
				"up": {"uv": [4, 4, 0, 0], "texture": "#1"},
				"down": {"uv": [4, 4, 0, 8], "texture": "#1"}
			}
		},
		{
			"from": [5, 2, 4],
			"to": [11, 6, 9],
			"rotation": {"angle": 0, "axis": "y", "origin": [7, 0, 6]},
			"faces": {
				"north": {"uv": [8, 5, 11, 7], "texture": "#1"},
				"east": {"uv": [8, 9, 10.5, 11], "texture": "#1"},
				"south": {"uv": [8, 7, 11, 9], "texture": "#1"},
				"west": {"uv": [4, 10.5, 6.5, 12.5], "texture": "#1"},
				"down": {"uv": [11, 2.5, 8, 5], "texture": "#1"}
			}
		}
	],
	"display": {
		"thirdperson_righthand": {
			"rotation": [75, 45, 0],
			"translation": [0, 2.5, 0],
			"scale": [0.5, 0.5, 0.5]
		},
		"thirdperson_lefthand": {
			"rotation": [75, 45, 0],
			"translation": [0, 2.5, 0],
			"scale": [0.5, 0.5, 0.5]
		},
		"firstperson_righthand": {
			"rotation": [0, 135, 0],
			"translation": [0, 4, 0],
			"scale": [0.4, 0.4, 0.4]
		},
		"firstperson_lefthand": {
			"rotation": [0, 135, 0],
			"translation": [0, 4, 0],
			"scale": [0.4, 0.4, 0.4]
		},
		"ground": {
			"translation": [0, 3, 0],
			"scale": [0.5, 0.5, 0.5]
		},
		"gui": {
			"rotation": [30, -135, 0]
		}
	}
}