{
	"format_version": "1.21.6",
	"credit": "Made with Blockbench",
	"texture_size": [64, 64],
	"textures": {
		"1": "nodenium:item/deked_out/plague_mask",
		"particle": "nodenium:item/deked_out/plague_mask"
	},
	"elements": [
		{
			"from": [12, 8, 7],
			"to": [12, 10, 12],
			"rotation": {"angle": 0, "axis": "y", "origin": [16, 6, 5]},
			"faces": {
				"north": {"uv": [0, 0, 0, 0.5], "texture": "#1"},
				"east": {"uv": [1, 8.25, 2.25, 8.75], "texture": "#1"},
				"south": {"uv": [0, 0, 0, 0.5], "texture": "#1"},
				"west": {"uv": [2.25, 8.25, 3.5, 8.75], "texture": "#1"},
				"up": {"uv": [0, 1.25, 0, 0], "texture": "#1"},
				"down": {"uv": [0, 0, 0, 1.25], "texture": "#1"}
			}
		},
		{
			"from": [4, 8, 7],
			"to": [4, 10, 12],
			"rotation": {"angle": 0, "axis": "y", "origin": [8, 6, 5]},
			"faces": {
				"north": {"uv": [0, 0, 0, 0.5], "texture": "#1"},
				"east": {"uv": [3.5, 8.25, 4.75, 8.75], "texture": "#1"},
				"south": {"uv": [0, 0, 0, 0.5], "texture": "#1"},
				"west": {"uv": [4.75, 8.25, 6, 8.75], "texture": "#1"},
				"up": {"uv": [0, 1.25, 0, 0], "texture": "#1"},
				"down": {"uv": [0, 0, 0, 1.25], "texture": "#1"}
			}
		},
		{
			"from": [4, 8, 12],
			"to": [12, 10, 12],
			"rotation": {"angle": 0, "axis": "y", "origin": [16, 6, 2]},
			"faces": {
				"north": {"uv": [6.5, 3.25, 8.5, 3.75], "texture": "#1"},
				"east": {"uv": [0, 0, 0, 0.5], "texture": "#1"},
				"south": {"uv": [6.25, 7, 8.25, 7.5], "texture": "#1"},
				"west": {"uv": [0, 0, 0, 0.5], "texture": "#1"},
				"up": {"uv": [2, 0, 0, 0], "texture": "#1"},
				"down": {"uv": [2, 0, 0, 0], "texture": "#1"}
			}
		},
		{
			"from": [4, 4, 3],
			"to": [12, 12, 7],
			"rotation": {"angle": 0, "axis": "y", "origin": [6.5, 8, 4]},
			"faces": {
				"north": {"uv": [3.5, 0, 5.5, 2], "texture": "#1"},
				"east": {"uv": [5.5, 0, 6.5, 2], "texture": "#1"},
				"south": {"uv": [3.5, 2, 5.5, 4], "texture": "#1"},
				"west": {"uv": [5.5, 2, 6.5, 4], "texture": "#1"},
				"up": {"uv": [7.5, 5, 5.5, 4], "texture": "#1"},
				"down": {"uv": [7.5, 5, 5.5, 6], "texture": "#1"}
			}
		},
		{
			"from": [1, 12.55, 0.5],
			"to": [15, 12.55, 14.5],
			"rotation": {"angle": 7.5, "axis": "x", "origin": [7, 8.55, 3.5]},
			"faces": {
				"north": {"uv": [0, 0, 3.5, 0], "texture": "#1"},
				"east": {"uv": [0, 0, 3.5, 0], "texture": "#1"},
				"south": {"uv": [0, 0, 3.5, 0], "texture": "#1"},
				"west": {"uv": [0, 0, 3.5, 0], "texture": "#1"},
				"up": {"uv": [3.5, 3.5, 0, 0], "texture": "#1"},
				"down": {"uv": [3.5, 3.5, 0, 7], "texture": "#1"}
			}
		},
		{
			"from": [4, 12.55, 3.5],
			"to": [12, 16.55, 11.5],
			"rotation": {"angle": 7.5, "axis": "x", "origin": [7, 8.55, 3.5]},
			"faces": {
				"north": {"uv": [3.5, 6, 5.5, 7], "texture": "#1"},
				"east": {"uv": [5.5, 6, 7.5, 7], "texture": "#1"},
				"south": {"uv": [6.5, 0, 8.5, 1], "texture": "#1"},
				"west": {"uv": [6.5, 1, 8.5, 2], "texture": "#1"},
				"up": {"uv": [5.5, 6, 3.5, 4], "texture": "#1"}
			}
		},
		{
			"from": [5.5, 4, -2],
			"to": [10.5, 9, 3],
			"rotation": {"angle": 0, "axis": "y", "origin": [6.5, 8, 2]},
			"faces": {
				"north": {"uv": [6.5, 2, 7.75, 3.25], "texture": "#1"},
				"east": {"uv": [0, 7, 1.25, 8.25], "texture": "#1"},
				"south": {"uv": [1.25, 7, 2.5, 8.25], "texture": "#1"},
				"west": {"uv": [2.5, 7, 3.75, 8.25], "texture": "#1"},
				"up": {"uv": [5, 8.25, 3.75, 7], "texture": "#1"},
				"down": {"uv": [6.25, 7, 5, 8.25], "texture": "#1"}
			}
		},
		{
			"from": [6.5, 3.37461, -4.76665],
			"to": [9.5, 7.37461, -0.76665],
			"rotation": {"angle": -12.5, "axis": "x", "origin": [8, 4.83708, -4.21218]},
			"faces": {
				"north": {"uv": [7.5, 5.75, 8.25, 6.75], "texture": "#1"},
				"east": {"uv": [7.5, 3.75, 8.5, 4.75], "texture": "#1"},
				"south": {"uv": [6.25, 7.5, 7, 8.5], "texture": "#1"},
				"west": {"uv": [7.5, 4.75, 8.5, 5.75], "texture": "#1"},
				"up": {"uv": [7.75, 8.5, 7, 7.5], "texture": "#1"},
				"down": {"uv": [8.5, 2, 7.75, 3], "texture": "#1"}
			}
		},
		{
			"from": [8, 3.39364, -8.00337],
			"to": [8, 6.39364, -4.00337],
			"rotation": {"angle": -25, "axis": "x", "origin": [8, 4.83708, -4.46218]},
			"faces": {
				"north": {"uv": [0, 0, 0, 0.75], "texture": "#1"},
				"east": {"uv": [7.75, 7.5, 8.75, 8.25], "texture": "#1"},
				"south": {"uv": [0, 0, 0, 0.75], "texture": "#1"},
				"west": {"uv": [0, 8.25, 1, 9], "texture": "#1"},
				"up": {"uv": [0, 1, 0, 0], "texture": "#1"},
				"down": {"uv": [0, 0, 0, 1], "texture": "#1"}
			}
		},
		{
			"from": [10.125, 8, 3.05015],
			"to": [13.125, 11, 6.05015],
			"rotation": {"angle": -45, "axis": "y", "origin": [13.125, 8, 3.05015]},
			"faces": {
				"north": {"uv": [8.25, 5.75, 9, 6.5], "texture": "#1"},
				"east": {"uv": [8.25, 6.5, 9, 7.25], "texture": "#1"},
				"south": {"uv": [7.75, 8.25, 8.5, 9], "texture": "#1"},
				"west": {"uv": [8.5, 0, 9.25, 0.75], "texture": "#1"},
				"up": {"uv": [9.25, 1.5, 8.5, 0.75], "texture": "#1"},
				"down": {"uv": [9.25, 1.5, 8.5, 2.25], "texture": "#1"}
			}
		},
		{
			"from": [2.875, 8, 3.05015],
			"to": [5.875, 11, 6.05015],
			"rotation": {"angle": 45, "axis": "y", "origin": [2.875, 8, 3.05015]},
			"faces": {
				"north": {"uv": [9, 5.75, 8.25, 6.5], "texture": "#1"},
				"east": {"uv": [9.25, 0, 8.5, 0.75], "texture": "#1"},
				"south": {"uv": [8.5, 8.25, 7.75, 9], "texture": "#1"},
				"west": {"uv": [9, 6.5, 8.25, 7.25], "texture": "#1"},
				"up": {"uv": [8.5, 1.5, 9.25, 0.75], "texture": "#1"},
				"down": {"uv": [9.25, 1.5, 8.5, 2.25], "texture": "#1"}
			}
		}
	],
	"display": {
		"thirdperson_righthand": {
			"rotation": [64.8, -3.02, 5.54],
			"translation": [0, -1, -1.25],
			"scale": [0.65, 0.65, 0.65]
		},
		"thirdperson_lefthand": {
			"rotation": [64.8, -3.02, 5.54],
			"translation": [0, -1, -1.25],
			"scale": [0.65, 0.65, 0.65]
		},
		"firstperson_righthand": {
			"rotation": [0, 135, 0],
			"translation": [0, 4, 0],
			"scale": [0.4, 0.4, 0.4]
		},
		"firstperson_lefthand": {
			"rotation": [0, 135, 0],
			"translation": [0, 4.25, 0],
			"scale": [0.4, 0.4, 0.4]
		},
		"ground": {
			"translation": [0, 3, 0],
			"scale": [0.75, 0.75, 0.75]
		},
		"gui": {
			"rotation": [30, -135, 0],
			"translation": [-1, 0, 0],
			"scale": [0.68, 0.68, 0.68]
		},
		"head": {
			"translation": [0, -0.25, 0],
			"scale": [1.9, 1.9, 1.9]
		}
	}
}