{
	"format_version": "1.21.6",
	"credit": "Made with Blockbench",
	"textures": {
		"0": "deked_out:item/artifact/regular_key",
		"particle": "deked_out:item/artifact/regular_key"
	},
	"elements": [
		{
			"from": [8, 0, 7.29289],
			"to": [9, 7, 8.29289],
			"rotation": {"angle": -45, "axis": "y", "origin": [8, 3.5, 7.29289]},
			"faces": {
				"north": {"uv": [0, 0, 1, 7], "texture": "#0"},
				"east": {"uv": [1, 0, 2, 7], "texture": "#0"},
				"south": {"uv": [2, 0, 3, 7], "texture": "#0"},
				"west": {"uv": [3, 0, 4, 7], "texture": "#0"},
				"up": {"uv": [10, 11, 9, 10], "texture": "#0"},
				"down": {"uv": [11, 9, 10, 10], "texture": "#0"}
			}
		},
		{
			"from": [8.70711, 0, 8],
			"to": [10.70711, 3, 8],
			"rotation": {"angle": 0, "axis": "y", "origin": [7.70711, 2.5, 8]},
			"faces": {
				"north": {"uv": [7, 6, 9, 9], "texture": "#0"},
				"east": {"uv": [0, 0, 0, 3], "texture": "#0"},
				"south": {"uv": [4, 8, 6, 11], "texture": "#0"},
				"west": {"uv": [0, 0, 0, 3], "texture": "#0"},
				"up": {"uv": [2, 0, 0, 0], "texture": "#0"},
				"down": {"uv": [2, 0, 0, 0], "texture": "#0"}
			}
		},
		{
			"from": [6, 6.41421, 7],
			"to": [7, 9.41421, 9],
			"rotation": {"angle": 45, "axis": "z", "origin": [8, 8.41421, 8.5]},
			"faces": {
				"north": {"uv": [6, 8, 7, 11], "texture": "#0"},
				"east": {"uv": [4, 0, 6, 3], "texture": "#0"},
				"south": {"uv": [9, 0, 10, 3], "texture": "#0"},
				"west": {"uv": [4, 3, 6, 6], "texture": "#0"},
				"up": {"uv": [9, 11, 8, 9], "texture": "#0"},
				"down": {"uv": [1, 10, 0, 12], "texture": "#0"}
			}
		},
		{
			"from": [7, 6.41421, 7],
			"to": [10, 7.41421, 9],
			"rotation": {"angle": 45, "axis": "z", "origin": [8, 8.41421, 8.5]},
			"faces": {
				"north": {"uv": [9, 3, 12, 4], "texture": "#0"},
				"east": {"uv": [10, 0, 12, 1], "texture": "#0"},
				"south": {"uv": [9, 4, 12, 5], "texture": "#0"},
				"west": {"uv": [1, 10, 3, 11], "texture": "#0"},
				"up": {"uv": [9, 2, 6, 0], "texture": "#0"},
				"down": {"uv": [9, 2, 6, 4], "texture": "#0"}
			}
		},
		{
			"from": [9, 7.41421, 7],
			"to": [10, 10.41421, 9],
			"rotation": {"angle": 45, "axis": "z", "origin": [8, 8.41421, 8.5]},
			"faces": {
				"north": {"uv": [7, 9, 8, 12], "texture": "#0"},
				"east": {"uv": [0, 7, 2, 10], "texture": "#0"},
				"south": {"uv": [9, 7, 10, 10], "texture": "#0"},
				"west": {"uv": [2, 7, 4, 10], "texture": "#0"},
				"up": {"uv": [4, 12, 3, 10], "texture": "#0"},
				"down": {"uv": [11, 7, 10, 9], "texture": "#0"}
			}
		},
		{
			"from": [6, 9.41421, 7],
			"to": [9, 10.41421, 9],
			"rotation": {"angle": 45, "axis": "z", "origin": [8, 8.41421, 8.5]},
			"faces": {
				"north": {"uv": [9, 5, 12, 6], "texture": "#0"},
				"east": {"uv": [10, 1, 12, 2], "texture": "#0"},
				"south": {"uv": [9, 6, 12, 7], "texture": "#0"},
				"west": {"uv": [10, 2, 12, 3], "texture": "#0"},
				"up": {"uv": [7, 8, 4, 6], "texture": "#0"},
				"down": {"uv": [9, 4, 6, 6], "texture": "#0"}
			}
		}
	],
	"display": {
		"thirdperson_righthand": {
			"rotation": [-170.5, 45, 0],
			"translation": [0, -0.75, 0],
			"scale": [0.75, 0.75, 0.75]
		},
		"thirdperson_lefthand": {
			"rotation": [-170.5, 45, 0],
			"translation": [0, -0.75, 0],
			"scale": [0.75, 0.75, 0.75]
		},
		"firstperson_righthand": {
			"rotation": [0, 135, 0],
			"translation": [0, 2.5, 0],
			"scale": [0.4, 0.4, 0.4]
		},
		"firstperson_lefthand": {
			"rotation": [0, 135, 0],
			"translation": [0, 2.5, 0],
			"scale": [0.4, 0.4, 0.4]
		},
		"ground": {
			"translation": [0, 3, 0]
		},
		"gui": {
			"rotation": [30, -135, 0]
		}
	}
}