{
	"format_version": "1.21.6",
	"credit": "Made with Blockbench",
	"textures": {
		"1": "nodenium:item/deked_out/skull_key",
		"particle": "nodenium:item/deked_out/skull_key"
	},
	"elements": [
		{
			"from": [8, 0, 7.29289],
			"to": [9, 7, 8.29289],
			"rotation": {"angle": -45, "axis": "y", "origin": [8, 3.5, 7.29289]},
			"faces": {
				"north": {"uv": [5.5, 1.5, 6, 5], "texture": "#1"},
				"east": {"uv": [4, 5.5, 4.5, 9], "texture": "#1"},
				"south": {"uv": [4.5, 5.5, 5, 9], "texture": "#1"},
				"west": {"uv": [5, 5.5, 5.5, 9], "texture": "#1"},
				"up": {"uv": [5.5, 2, 5, 1.5], "texture": "#1"},
				"down": {"uv": [5.5, 2, 5, 2.5], "texture": "#1"}
			}
		},
		{
			"from": [8.70711, 0, 8],
			"to": [10.70711, 3, 8],
			"rotation": {"angle": 0, "axis": "y", "origin": [7.70711, 2.5, 8]},
			"faces": {
				"north": {"uv": [5.5, 5, 6.5, 6.5], "texture": "#1"},
				"east": {"uv": [0, 0, 0, 1.5], "texture": "#1"},
				"south": {"uv": [0, 6, 1, 7.5], "texture": "#1"},
				"west": {"uv": [0, 0, 0, 1.5], "texture": "#1"},
				"up": {"uv": [1, 0, 0, 0], "texture": "#1"},
				"down": {"uv": [0, 0, 1, 0], "texture": "#1"}
			}
		},
		{
			"from": [5.5, 9, 6.25],
			"to": [10.5, 13, 10.25],
			"rotation": {"angle": 0, "axis": "y", "origin": [7.5, 10, 7.25]},
			"faces": {
				"north": {"uv": [0, 0, 2.5, 2], "texture": "#1"},
				"east": {"uv": [0, 4, 2, 6], "texture": "#1"},
				"south": {"uv": [0, 2, 2.5, 4], "texture": "#1"},
				"west": {"uv": [2, 4, 4, 6], "texture": "#1"},
				"up": {"uv": [5, 2, 2.5, 0], "texture": "#1"},
				"down": {"uv": [5, 2, 2.5, 4], "texture": "#1"}
			}
		},
		{
			"from": [6.5, 7, 6.25],
			"to": [9.5, 9, 9.25],
			"rotation": {"angle": 0, "axis": "y", "origin": [7.5, 6, 7.25]},
			"faces": {
				"north": {"uv": [1, 6, 2.5, 7], "texture": "#1"},
				"east": {"uv": [6, 1.5, 7.5, 2.5], "texture": "#1"},
				"south": {"uv": [2.5, 6, 4, 7], "texture": "#1"},
				"west": {"uv": [6, 2.5, 7.5, 3.5], "texture": "#1"},
				"up": {"uv": [5.5, 5.5, 4, 4], "texture": "#1"},
				"down": {"uv": [6.5, 0, 5, 1.5], "texture": "#1"}
			}
		}
	],
	"display": {
		"thirdperson_righthand": {
			"rotation": [-170.5, 45, 0],
			"translation": [0, -0.75, 0],
			"scale": [0.75, 0.75, 0.75]
		},
		"thirdperson_lefthand": {
			"rotation": [-170.5, 45, 0],
			"translation": [0, -0.75, 0],
			"scale": [0.75, 0.75, 0.75]
		},
		"firstperson_righthand": {
			"rotation": [0, 135, 0],
			"translation": [0, 2.5, 0],
			"scale": [0.4, 0.4, 0.4]
		},
		"firstperson_lefthand": {
			"rotation": [0, 135, 0],
			"translation": [0, 2.5, 0],
			"scale": [0.4, 0.4, 0.4]
		},
		"ground": {
			"translation": [0, 3, 0]
		},
		"gui": {
			"rotation": [30, -135, 0]
		}
	}
}