{
	"format_version": "1.21.6",
	"credit": "Made with Blockbench",
	"texture_size": [32, 32],
	"textures": {
		"3": "nodenium:item/deked_out/skull",
		"particle": "nodenium:item/skull_ornament"
	},
	"elements": [
		{
			"from": [6, 4, 4],
			"to": [12, 9, 10],
			"rotation": {"angle": 0, "axis": "y", "origin": [7, -2, 7]},
			"faces": {
				"north": {"uv": [3, 0, 6, 2.5], "texture": "#3"},
				"east": {"uv": [3, 2.5, 6, 5], "texture": "#3"},
				"south": {"uv": [3, 5, 6, 7.5], "texture": "#3"},
				"west": {"uv": [0, 6, 3, 8.5], "texture": "#3"},
				"up": {"uv": [3, 3, 0, 0], "texture": "#3"},
				"down": {"uv": [3, 3, 0, 6], "texture": "#3"}
			}
		},
		{
			"from": [7, 1, 4],
			"to": [11, 4, 9],
			"rotation": {"angle": 0, "axis": "y", "origin": [7, 0, 6]},
			"faces": {
				"north": {"uv": [3, 7.5, 5, 9], "texture": "#3"},
				"east": {"uv": [6, 5, 8.5, 6.5], "texture": "#3"},
				"south": {"uv": [8, 0, 10, 1.5], "texture": "#3"},
				"west": {"uv": [6, 6.5, 8.5, 8], "texture": "#3"},
				"up": {"uv": [8, 2.5, 6, 0], "texture": "#3"},
				"down": {"uv": [8, 2.5, 6, 5], "texture": "#3"}
			}
		}
	],
	"display": {
		"thirdperson_righthand": {
			"rotation": [46.5, 45, 0],
			"translation": [0, -0.75, 0],
			"scale": [0.75, 0.75, 0.75]
		},
		"thirdperson_lefthand": {
			"rotation": [46.5, 45, 0],
			"translation": [0, -0.75, 0],
			"scale": [0.75, 0.75, 0.75]
		},
		"firstperson_righthand": {
			"rotation": [0, 135, 0],
			"translation": [0, 2.5, 0],
			"scale": [0.4, 0.4, 0.4]
		},
		"firstperson_lefthand": {
			"rotation": [0, 135, 0],
			"translation": [0, 2.5, 0],
			"scale": [0.4, 0.4, 0.4]
		},
		"ground": {
			"translation": [0, 3, 0]
		},
		"gui": {
			"rotation": [30, -135, 0]
		}
	}
}