{
	"format_version": "1.21.6",
	"credit": "Made with Blockbench",
	"textures": {
		"1": "deked_out:item/artifact/small_amethyst"
	},
	"elements": [
		{
			"from": [6, 4, 7],
			"to": [9, 8, 10],
			"rotation": {"angle": 0, "axis": "y", "origin": [7, 4, 8]},
			"faces": {
				"north": {"uv": [0, 0, 3, 4], "texture": "#1"},
				"east": {"uv": [3, 0, 6, 4], "texture": "#1"},
				"south": {"uv": [0, 4, 3, 8], "texture": "#1"},
				"west": {"uv": [3, 4, 6, 8], "texture": "#1"},
				"up": {"uv": [9, 3, 6, 0], "texture": "#1"},
				"down": {"uv": [9, 3, 6, 6], "texture": "#1"}
			}
		},
		{
			"from": [5, 4, 7.5],
			"to": [7, 7, 9.5],
			"rotation": {"angle": 22.5, "axis": "z", "origin": [6, 4, 8.5]},
			"faces": {
				"north": {"uv": [6, 6, 8, 9], "texture": "#1"},
				"east": {"uv": [0, 8, 2, 11], "texture": "#1"},
				"south": {"uv": [2, 8, 4, 11], "texture": "#1"},
				"west": {"uv": [4, 8, 6, 11], "texture": "#1"},
				"up": {"uv": [10, 8, 8, 6], "texture": "#1"},
				"down": {"uv": [10, 8, 8, 10], "texture": "#1"}
			}
		},
		{
			"from": [8.25, 4, 6],
			"to": [10.25, 6, 8],
			"rotation": {"angle": -25, "axis": "z", "origin": [9.25, 4, 7]},
			"faces": {
				"north": {"uv": [9, 0, 11, 2], "texture": "#1"},
				"east": {"uv": [9, 2, 11, 4], "texture": "#1"},
				"south": {"uv": [9, 4, 11, 6], "texture": "#1"},
				"west": {"uv": [6, 9, 8, 11], "texture": "#1"},
				"up": {"uv": [12, 8, 10, 6], "texture": "#1"},
				"down": {"uv": [10, 10, 8, 12], "texture": "#1"}
			}
		},
		{
			"from": [6.5, 4, 9.09567],
			"to": [8.5, 6, 11.09567],
			"rotation": {"angle": 22.5, "axis": "x", "origin": [7.5, 4, 10.09567]},
			"faces": {
				"north": {"uv": [10, 8, 12, 10], "texture": "#1"},
				"east": {"uv": [10, 10, 12, 12], "texture": "#1"},
				"south": {"uv": [0, 11, 2, 13], "texture": "#1"},
				"west": {"uv": [11, 0, 13, 2], "texture": "#1"},
				"up": {"uv": [4, 13, 2, 11], "texture": "#1"},
				"down": {"uv": [13, 2, 11, 4], "texture": "#1"}
			}
		}
	],
	"display": {
		"thirdperson_righthand": {
			"rotation": [75, 45, 0],
			"translation": [0, 2.5, 2.75]
		},
		"thirdperson_lefthand": {
			"rotation": [75, 45, 0],
			"translation": [0, 2.5, 2.75]
		},
		"firstperson_righthand": {
			"rotation": [0, -135, 0],
			"translation": [0, 2, 0],
			"scale": [0.4, 0.4, 0.4]
		},
		"firstperson_lefthand": {
			"rotation": [0, -135, 0],
			"translation": [0, 2, 0],
			"scale": [0.4, 0.4, 0.4]
		},
		"ground": {
			"translation": [0, 3, 0]
		},
		"gui": {
			"rotation": [30, -135, 0]
		},
		"fixed": {
			"scale": [0.5, 0.5, 0.5]
		}
	}
}