{
	"format_version": "1.21.6",
	"credit": "Made with Blockbench",
	"texture_size": [32, 32],
	"textures": {
		"1": "nodenium:item/deked_out/snail"
	},
	"elements": [
		{
			"from": [6, 4, 6],
			"to": [9, 10, 12],
			"rotation": {"angle": 5, "axis": "x", "origin": [7, 4, 6]},
			"faces": {
				"north": {"uv": [3, 0, 4.5, 3], "texture": "#1"},
				"east": {"uv": [0, 0, 3, 3], "texture": "#1"},
				"south": {"uv": [3, 3, 4.5, 6], "texture": "#1"},
				"west": {"uv": [0, 3, 3, 6], "texture": "#1"},
				"up": {"uv": [6, 3, 4.5, 0], "texture": "#1"},
				"down": {"uv": [6, 3, 4.5, 6], "texture": "#1"}
			}
		},
		{
			"from": [6.5, 3, 3],
			"to": [8.5, 5, 7],
			"rotation": {"angle": 0, "axis": "y", "origin": [6.5, 3, 6]},
			"faces": {
				"north": {"uv": [1, 7, 2, 8], "texture": "#1"},
				"east": {"uv": [1, 6, 3, 7], "texture": "#1"},
				"south": {"uv": [7, 1, 8, 2], "texture": "#1"},
				"west": {"uv": [3, 6, 5, 7], "texture": "#1"},
				"up": {"uv": [7, 5.5, 6, 3.5], "texture": "#1"},
				"down": {"uv": [6, 6, 5, 8], "texture": "#1"}
			}
		},
		{
			"from": [6, 5, 3],
			"to": [9, 7, 3],
			"rotation": {"angle": -15, "axis": "x", "origin": [8, 5, 3]},
			"faces": {
				"north": {"uv": [6, 6.5, 7.5, 7.5], "texture": "#1"},
				"east": {"uv": [0, 0, 0, 1], "texture": "#1"},
				"south": {"uv": [7, 0, 8.5, 1], "texture": "#1"},
				"west": {"uv": [0, 0, 0, 1], "texture": "#1"},
				"up": {"uv": [1.5, 0, 0, 0], "texture": "#1"},
				"down": {"uv": [0, 0, 1.5, 0], "texture": "#1"}
			}
		},
		{
			"from": [6.5, 3, 7],
			"to": [8.5, 4, 14],
			"rotation": {"angle": 0, "axis": "y", "origin": [6.5, 3, 16]},
			"faces": {
				"north": {"uv": [2, 7, 3, 7.5], "texture": "#1"},
				"east": {"uv": [6, 5.5, 9.5, 6], "texture": "#1"},
				"south": {"uv": [7, 2, 8, 2.5], "texture": "#1"},
				"west": {"uv": [6, 6, 9.5, 6.5], "texture": "#1"},
				"up": {"uv": [1, 9.5, 0, 6], "texture": "#1"},
				"down": {"uv": [7, 0, 6, 3.5], "texture": "#1"}
			}
		}
	],
	"display": {
		"thirdperson_righthand": {
			"rotation": [75, 45, 0],
			"translation": [0, 2.5, 2.75]
		},
		"thirdperson_lefthand": {
			"rotation": [75, 45, 0],
			"translation": [0, 2.5, 2.75]
		},
		"firstperson_righthand": {
			"rotation": [0, 45, 0],
			"translation": [0, 4, 0],
			"scale": [0.4, 0.4, 0.4]
		},
		"firstperson_lefthand": {
			"rotation": [0, -135, 0],
			"translation": [0, 4.25, 0],
			"scale": [0.4, 0.4, 0.4]
		},
		"ground": {
			"translation": [0, 3, 0]
		},
		"gui": {
			"rotation": [30, -135, 0]
		},
		"fixed": {
			"scale": [0.5, 0.5, 0.5]
		}
	}
}