{
	"format_version": "1.21.6",
	"credit": "Made with Blockbench",
	"texture_size": [32, 32],
	"textures": {
		"3": "deked_out:item/artifact/welding_mask"
	},
	"elements": [
		{
			"from": [4, 1, 4],
			"to": [12, 11, 4],
			"rotation": {"angle": 0, "axis": "y", "origin": [6, 5, 4]},
			"faces": {
				"north": {"uv": [0, 0, 4, 5], "texture": "#3"},
				"east": {"uv": [0, 0, 0, 5], "texture": "#3"},
				"south": {"uv": [4, 0, 8, 5], "texture": "#3"},
				"west": {"uv": [0, 0, 0, 5], "texture": "#3"},
				"up": {"uv": [4, 0, 0, 0], "texture": "#3"},
				"down": {"uv": [4, 0, 0, 0], "texture": "#3"}
			}
		},
		{
			"from": [4, 1, 4],
			"to": [4, 11, 6],
			"rotation": {"angle": 0, "axis": "y", "origin": [8, 5, 4]},
			"faces": {
				"north": {"uv": [0, 0, 0, 5], "texture": "#3"},
				"east": {"uv": [0, 5, 1, 10], "texture": "#3"},
				"south": {"uv": [0, 0, 0, 5], "texture": "#3"},
				"west": {"uv": [1, 5, 2, 10], "texture": "#3"},
				"up": {"uv": [0, 1, 0, 0], "texture": "#3"},
				"down": {"uv": [0, 0, 0, 1], "texture": "#3"}
			}
		},
		{
			"from": [12, 1, 4],
			"to": [12, 11, 6],
			"rotation": {"angle": 0, "axis": "y", "origin": [16, 5, 4]},
			"faces": {
				"north": {"uv": [0, 0, 0, 5], "texture": "#3"},
				"east": {"uv": [2, 5, 3, 10], "texture": "#3"},
				"south": {"uv": [0, 0, 0, 5], "texture": "#3"},
				"west": {"uv": [3, 5, 4, 10], "texture": "#3"},
				"up": {"uv": [0, 1, 0, 0], "texture": "#3"},
				"down": {"uv": [0, 0, 0, 1], "texture": "#3"}
			}
		},
		{
			"from": [12, 7, 6],
			"to": [12, 9, 12],
			"rotation": {"angle": 0, "axis": "y", "origin": [16, 5, 5]},
			"faces": {
				"north": {"uv": [0, 0, 0, 1], "texture": "#3"},
				"east": {"uv": [4, 7, 7, 8], "texture": "#3"},
				"south": {"uv": [0, 0, 0, 1], "texture": "#3"},
				"west": {"uv": [7, 7, 10, 8], "texture": "#3"},
				"up": {"uv": [0, 3, 0, 0], "texture": "#3"},
				"down": {"uv": [0, 0, 0, 3], "texture": "#3"}
			}
		},
		{
			"from": [4, 7, 6],
			"to": [4, 9, 12],
			"rotation": {"angle": 0, "axis": "y", "origin": [8, 5, 5]},
			"faces": {
				"north": {"uv": [0, 0, 0, 1], "texture": "#3"},
				"east": {"uv": [8, 0, 11, 1], "texture": "#3"},
				"south": {"uv": [0, 0, 0, 1], "texture": "#3"},
				"west": {"uv": [8, 1, 11, 2], "texture": "#3"},
				"up": {"uv": [0, 3, 0, 0], "texture": "#3"},
				"down": {"uv": [0, 0, 0, 3], "texture": "#3"}
			}
		},
		{
			"from": [4, 7, 12],
			"to": [12, 9, 12],
			"rotation": {"angle": 0, "axis": "y", "origin": [16, 5, 2]},
			"faces": {
				"north": {"uv": [4, 5, 8, 6], "texture": "#3"},
				"east": {"uv": [0, 0, 0, 1], "texture": "#3"},
				"south": {"uv": [4, 6, 8, 7], "texture": "#3"},
				"west": {"uv": [0, 0, 0, 1], "texture": "#3"},
				"up": {"uv": [0, 0, 4, 0], "texture": "#3"},
				"down": {"uv": [4, 0, 0, 0], "texture": "#3"}
			}
		}
	],
	"display": {
		"thirdperson_righthand": {
			"rotation": [10.55, -3.02, 5.54],
			"translation": [0, 3.25, -2.25]
		},
		"thirdperson_lefthand": {
			"rotation": [10.55, -3.02, 5.54],
			"translation": [0, 3.25, -2.25]
		},
		"firstperson_righthand": {
			"rotation": [0, 45, 0],
			"translation": [0, 4, 0],
			"scale": [0.4, 0.4, 0.4]
		},
		"firstperson_lefthand": {
			"rotation": [0, 45, 0],
			"translation": [0, 4.25, 0],
			"scale": [0.4, 0.4, 0.4]
		},
		"ground": {
			"translation": [0, 3, 0]
		},
		"gui": {
			"rotation": [30, -135, 0]
		},
		"head": {
			"translation": [0, 1.5, 0],
			"scale": [1.9, 1.9, 1.9]
		}
	}
}