{
	"format_version": "1.21.6",
	"credit": "Made with Blockbench",
	"texture_size": [32, 32],
	"textures": {
		"1": "deked_out:item/artifact/white_duck",
		"particle": "deked_out:item/artifact/white_duck"
	},
	"elements": [
		{
			"from": [4.5, 2, 4],
			"to": [11.5, 8, 12],
			"rotation": {"angle": 0, "axis": "y", "origin": [8.5, 6, 7.5]},
			"faces": {
				"north": {"uv": [0, 7, 3.5, 10], "texture": "#1"},
				"east": {"uv": [0, 4, 4, 7], "texture": "#1"},
				"south": {"uv": [7, 0, 10.5, 3], "texture": "#1"},
				"west": {"uv": [4, 4, 8, 7], "texture": "#1"},
				"up": {"uv": [3.5, 4, 0, 0], "texture": "#1"},
				"down": {"uv": [7, 0, 3.5, 4], "texture": "#1"}
			}
		},
		{
			"from": [6, 7, 3],
			"to": [10, 13, 7],
			"rotation": {"angle": 0, "axis": "y", "origin": [8.5, 7.5, 6.56332]},
			"faces": {
				"north": {"uv": [8, 3, 10, 6], "texture": "#1"},
				"east": {"uv": [3.5, 9, 5.5, 12], "texture": "#1"},
				"south": {"uv": [5.5, 9, 7.5, 12], "texture": "#1"},
				"west": {"uv": [7.5, 9, 9.5, 12], "texture": "#1"},
				"up": {"uv": [11.5, 11, 9.5, 9], "texture": "#1"},
				"down": {"uv": [2, 10, 0, 12], "texture": "#1"}
			}
		},
		{
			"from": [6.1, 10.30486, 0.39429],
			"to": [9.9, 11.30486, 3.39429],
			"rotation": {"angle": -5, "axis": "x", "origin": [8.5, 9.5, 6.81332]},
			"faces": {
				"north": {"uv": [11.5, 9, 13.5, 9.5], "texture": "#1"},
				"east": {"uv": [0, 12, 1.5, 12.5], "texture": "#1"},
				"south": {"uv": [11.5, 9.5, 13.5, 10], "texture": "#1"},
				"west": {"uv": [3, 12, 4.5, 12.5], "texture": "#1"},
				"up": {"uv": [12.5, 1.5, 10.5, 0], "texture": "#1"},
				"down": {"uv": [12.5, 1.5, 10.5, 3], "texture": "#1"}
			}
		},
		{
			"from": [6, 4.87828, 10.27959],
			"to": [10, 6.87828, 14.27959],
			"rotation": {"angle": -22.5, "axis": "x", "origin": [8.5, 7.5, 7.56332]},
			"faces": {
				"north": {"uv": [8, 6, 10, 7], "texture": "#1"},
				"east": {"uv": [10.5, 7, 12.5, 8], "texture": "#1"},
				"south": {"uv": [10.5, 8, 12.5, 9], "texture": "#1"},
				"west": {"uv": [9.5, 11, 11.5, 12], "texture": "#1"},
				"up": {"uv": [12, 5, 10, 3], "texture": "#1"},
				"down": {"uv": [12, 5, 10, 7], "texture": "#1"}
			}
		},
		{
			"from": [11.75, 3, 4],
			"to": [12.75, 7, 11],
			"rotation": {"angle": 10, "axis": "z", "origin": [10.75, 5, 6]},
			"faces": {
				"north": {"uv": [3, 10, 3.5, 12], "texture": "#1"},
				"east": {"uv": [3.5, 7, 7, 9], "texture": "#1"},
				"south": {"uv": [11.5, 10, 12, 12], "texture": "#1"},
				"west": {"uv": [7, 7, 10.5, 9], "texture": "#1"},
				"up": {"uv": [2.5, 13.5, 2, 10], "texture": "#1"},
				"down": {"uv": [3, 10, 2.5, 13.5], "texture": "#1"}
			}
		},
		{
			"from": [3.25, 3, 4],
			"to": [4.25, 7, 11],
			"rotation": {"angle": -10, "axis": "z", "origin": [5.25, 5, 6]},
			"faces": {
				"north": {"uv": [3.5, 10, 3, 12], "texture": "#1"},
				"east": {"uv": [10.5, 7, 7, 9], "texture": "#1"},
				"south": {"uv": [12, 10, 11.5, 12], "texture": "#1"},
				"west": {"uv": [7, 7, 3.5, 9], "texture": "#1"},
				"up": {"uv": [2.5, 13.5, 2, 10], "texture": "#1"},
				"down": {"uv": [3, 10, 2.5, 13.5], "texture": "#1"}
			}
		}
	],
	"display": {
		"thirdperson_righthand": {
			"rotation": [75, 45, 0],
			"translation": [0, 2.5, 2.75]
		},
		"thirdperson_lefthand": {
			"rotation": [75, 45, 0],
			"translation": [0, 2.5, 2.75]
		},
		"firstperson_righthand": {
			"rotation": [0, 45, 0],
			"translation": [0, 4, 0],
			"scale": [0.4, 0.4, 0.4]
		},
		"firstperson_lefthand": {
			"rotation": [0, -135, 0],
			"translation": [0, 4.25, 0],
			"scale": [0.4, 0.4, 0.4]
		},
		"ground": {
			"translation": [0, 3, 0]
		},
		"gui": {
			"rotation": [30, -135, 0]
		}
	}
}