{
	"format_version": "1.21.6",
	"credit": "Made with Blockbench",
	"textures": {
		"1": "nodenium:item/coffee_poster"
	},
	"elements": [
		{
			"from": [0, 0, 8],
			"to": [16, 16, 8],
			"rotation": {"angle": 0, "axis": "y", "origin": [7, 0, 7]},
			"faces": {
				"north": {"uv": [0, 0, 16, 16], "texture": "#1"},
				"east": {"uv": [0, 0, 0, 16], "texture": "#1"},
				"south": {"uv": [0, 0, 16, 16], "texture": "#1"},
				"west": {"uv": [0, 0, 0, 16], "texture": "#1"},
				"up": {"uv": [16, 0, 0, 0], "texture": "#1"},
				"down": {"uv": [16, 0, 0, 0], "texture": "#1"}
			}
		}
	],
	"gui_light": "front",
	"display": {
		"thirdperson_righthand": {
			"translation": [0, 3.25, 0],
			"scale": [0.5, 0.5, 1]
		},
		"thirdperson_lefthand": {
			"translation": [0, 3.25, 0],
			"scale": [0.5, 0.5, 1]
		},
		"firstperson_righthand": {
			"rotation": [-31, -28, -5],
			"translation": [0.25, 3.25, -0.5],
			"scale": [0.5, 0.5, 1]
		},
		"firstperson_lefthand": {
			"rotation": [-31, -28, -5],
			"translation": [0.25, 3.25, -0.5],
			"scale": [0.5, 0.5, 1]
		},
		"ground": {
			"translation": [0, 6.5, 0]
		},
		"head": {
			"translation": [0, 0, -6.5]
		},
		"fixed": {
			"translation": [0, 0, -0.25],
			"scale": [2, 2, 2]
		}
	}
}