{
	"format_version": "1.21.6",
	"credit": "Made with Blockbench",
	"texture_size": [32, 32],
	"textures": {
		"1": "halloween:item/chainsaw_blade",
		"3": "halloween:item/chainsaw_head",
		"particle": "halloween:item/chainsaw_head"
	},
	"elements": [
		{
			"from": [4, 0, 4],
			"to": [12, 6, 12],
			"rotation": {"angle": 0, "axis": "y", "origin": [9, 0, 7]},
			"faces": {
				"north": {"uv": [4, 0, 8, 3], "texture": "#3"},
				"east": {"uv": [4, 3, 8, 6], "texture": "#3"},
				"south": {"uv": [4, 6, 8, 9], "texture": "#3"},
				"west": {"uv": [0, 8, 4, 11], "texture": "#3"},
				"up": {"uv": [4, 4, 0, 0], "texture": "#3"},
				"down": {"uv": [4, 4, 0, 8], "texture": "#3"}
			}
		},
		{
			"from": [5, 0, 0],
			"to": [11, 4, 4],
			"rotation": {"angle": 0, "axis": "y", "origin": [9, 0, -1]},
			"faces": {
				"north": {"uv": [8, 0, 11, 2], "texture": "#3"},
				"east": {"uv": [8, 8, 10, 10], "texture": "#3"},
				"south": {"uv": [8, 2, 11, 4], "texture": "#3"},
				"west": {"uv": [4, 9, 6, 11], "texture": "#3"},
				"up": {"uv": [11, 6, 8, 4], "texture": "#3"},
				"down": {"uv": [11, 6, 8, 8], "texture": "#3"}
			}
		},
		{
			"from": [12, 3, 10],
			"to": [13, 7, 11],
			"rotation": {"angle": 22.5, "axis": "x", "origin": [8, 5, 10.5]},
			"faces": {
				"north": {"uv": [1.5, 11, 2, 13], "texture": "#3"},
				"east": {"uv": [2, 11, 2.5, 13], "texture": "#3"},
				"south": {"uv": [2.5, 11, 3, 13], "texture": "#3"},
				"west": {"uv": [3, 11, 3.5, 13], "texture": "#3"},
				"up": {"uv": [12.5, 0.5, 12, 0], "texture": "#3"},
				"down": {"uv": [12.5, 0.5, 12, 1], "texture": "#3"}
			}
		},
		{
			"from": [3, 7.07612, 9.61732],
			"to": [13, 8.07612, 10.61732],
			"rotation": {"angle": 22.5, "axis": "x", "origin": [8, 4.07612, 10.11732]},
			"faces": {
				"north": {"uv": [6, 10, 11, 10.5], "texture": "#3"},
				"east": {"uv": [12, 1, 12.5, 1.5], "texture": "#3"},
				"south": {"uv": [10, 8, 15, 8.5], "texture": "#3"},
				"west": {"uv": [12, 1.5, 12.5, 2], "texture": "#3"},
				"up": {"uv": [15, 9, 10, 8.5], "texture": "#3"},
				"down": {"uv": [15, 9, 10, 9.5], "texture": "#3"}
			}
		},
		{
			"from": [12, 0, 9],
			"to": [13, 3, 12],
			"rotation": {"angle": 22.5, "axis": "x", "origin": [8, 5, 10.5]},
			"faces": {
				"north": {"uv": [5, 11, 5.5, 12.5], "texture": "#3"},
				"east": {"uv": [6, 10.5, 7.5, 12], "texture": "#3"},
				"south": {"uv": [11, 5, 11.5, 6.5], "texture": "#3"},
				"west": {"uv": [7.5, 10.5, 9, 12], "texture": "#3"},
				"up": {"uv": [6, 12.5, 5.5, 11], "texture": "#3"},
				"down": {"uv": [11.5, 6.5, 11, 8], "texture": "#3"}
			}
		},
		{
			"from": [3, 0, 9],
			"to": [4, 3, 12],
			"rotation": {"angle": 22.5, "axis": "x", "origin": [8, 5, 10.5]},
			"faces": {
				"north": {"uv": [11.5, 0, 12, 1.5], "texture": "#3"},
				"east": {"uv": [9, 10.5, 10.5, 12], "texture": "#3"},
				"south": {"uv": [11.5, 1.5, 12, 3], "texture": "#3"},
				"west": {"uv": [10.5, 10.5, 12, 12], "texture": "#3"},
				"up": {"uv": [12, 4.5, 11.5, 3], "texture": "#3"},
				"down": {"uv": [12, 4.5, 11.5, 6], "texture": "#3"}
			}
		},
		{
			"from": [3, 3, 10],
			"to": [4, 7, 11],
			"rotation": {"angle": 22.5, "axis": "x", "origin": [8, 5, 10.5]},
			"faces": {
				"north": {"uv": [11, 3, 11.5, 5], "texture": "#3"},
				"east": {"uv": [3.5, 11, 4, 13], "texture": "#3"},
				"south": {"uv": [4, 11, 4.5, 13], "texture": "#3"},
				"west": {"uv": [4.5, 11, 5, 13], "texture": "#3"},
				"up": {"uv": [12.5, 2.5, 12, 2], "texture": "#3"},
				"down": {"uv": [12.5, 2.5, 12, 3], "texture": "#3"}
			}
		},
		{
			"from": [7.5, 0, 12],
			"to": [8.5, 1, 14],
			"rotation": {"angle": 0, "axis": "z", "origin": [8, 3, 13.75]},
			"faces": {
				"north": {"uv": [12, 3, 12.5, 3.5], "texture": "#3"},
				"east": {"uv": [6, 9.5, 7, 10], "texture": "#3"},
				"south": {"uv": [12, 3.5, 12.5, 4], "texture": "#3"},
				"west": {"uv": [7, 9.5, 8, 10], "texture": "#3"},
				"up": {"uv": [12, 8, 11.5, 7], "texture": "#3"},
				"down": {"uv": [12, 9.5, 11.5, 10.5], "texture": "#3"}
			}
		},
		{
			"from": [7.5, 0, 14],
			"to": [8.5, 6, 15],
			"rotation": {"angle": 0, "axis": "z", "origin": [8, 3, 13.75]},
			"faces": {
				"north": {"uv": [0, 11, 0.5, 14], "texture": "#3"},
				"east": {"uv": [11, 0, 11.5, 3], "texture": "#3"},
				"south": {"uv": [0.5, 11, 1, 14], "texture": "#3"},
				"west": {"uv": [1, 11, 1.5, 14], "texture": "#3"},
				"up": {"uv": [12.5, 4.5, 12, 4], "texture": "#3"},
				"down": {"uv": [12.5, 4.5, 12, 5], "texture": "#3"}
			}
		},
		{
			"from": [7.5, 5, 12],
			"to": [8.5, 6, 14],
			"rotation": {"angle": 0, "axis": "z", "origin": [8, 3, 13.75]},
			"faces": {
				"north": {"uv": [10, 9.5, 10.5, 10], "texture": "#3"},
				"east": {"uv": [6, 9, 7, 9.5], "texture": "#3"},
				"south": {"uv": [10.5, 9.5, 11, 10], "texture": "#3"},
				"west": {"uv": [7, 9, 8, 9.5], "texture": "#3"},
				"up": {"uv": [11.5, 10.5, 11, 9.5], "texture": "#3"},
				"down": {"uv": [12, 6, 11.5, 7], "texture": "#3"}
			}
		},
		{
			"from": [8, 0, -16],
			"to": [8, 5, 4],
			"rotation": {"angle": 0, "axis": "y", "origin": [9, 0, -5]},
			"faces": {
				"north": {"uv": [0, 0, 0, 2.5], "texture": "#1"},
				"east": {"uv": [0, 0, 10, 2.5], "texture": "#1"},
				"south": {"uv": [0, 0, 0, 2.5], "texture": "#1"},
				"west": {"uv": [10, 0, 0, 2.5], "texture": "#1"},
				"up": {"uv": [0, 10, 0, 0], "texture": "#1"},
				"down": {"uv": [0, 0, 0, 10], "texture": "#1"}
			}
		}
	],
	"display": {
		"thirdperson_righthand": {
			"rotation": [88, 8, 0],
			"translation": [0, -0.75, 4.75],
			"scale": [0.75, 0.75, 0.75]
		},
		"thirdperson_lefthand": {
			"rotation": [75, 45, 0],
			"translation": [0, 2.5, 0],
			"scale": [0.375, 0.375, 0.375]
		},
		"firstperson_righthand": {
			"rotation": [28.75, 18.25, 0],
			"translation": [3.5, 1.75, 0],
			"scale": [0.4, 0.4, 0.4]
		},
		"firstperson_lefthand": {
			"rotation": [28.75, 18.25, 0],
			"translation": [3.5, 1.75, 0],
			"scale": [0.4, 0.4, 0.4]
		},
		"ground": {
			"translation": [0, 3, 2],
			"scale": [0.25, 0.25, 0.25]
		},
		"gui": {
			"rotation": [30, -135, 0],
			"translation": [-4, 3, 0],
			"scale": [0.625, 0.625, 0.625]
		},
		"head": {
			"translation": [0, 15, 0.5],
			"scale": [1.9, 1.9, 1.9]
		},
		"fixed": {
			"scale": [0.5, 0.5, 0.5]
		}
	}
}