{
	"format_version": "1.21.6",
	"credit": "Made with Blockbench",
	"texture_size": [64, 64],
	"textures": {
		"0": "halloween:item/eyeball",
		"particle": "halloween:item/eyeball"
	},
	"elements": [
		{
			"from": [3, 3, 3],
			"to": [13, 13, 13],
			"rotation": {"angle": 0, "axis": "y", "origin": [9, 2, 7]},
			"faces": {
				"north": {"uv": [0, 0, 2.5, 2.5], "texture": "#0"},
				"east": {"uv": [0, 2.5, 2.5, 5], "texture": "#0"},
				"south": {"uv": [2.5, 0, 5, 2.5], "texture": "#0"},
				"west": {"uv": [2.5, 2.5, 5, 5], "texture": "#0"},
				"up": {"uv": [2.5, 7.5, 0, 5], "texture": "#0"},
				"down": {"uv": [7.5, 0, 5, 2.5], "texture": "#0"}
			}
		},
		{
			"from": [8, 2, 13],
			"to": [8, 14, 20],
			"rotation": {"angle": -45, "axis": "z", "origin": [8, 8, 19]},
			"faces": {
				"north": {"uv": [0, 0, 0, 3], "texture": "#0"},
				"east": {"uv": [7.75, 8.5, 6, 5.5], "texture": "#0"},
				"south": {"uv": [0, 0, 0, 3], "texture": "#0"},
				"west": {"uv": [6, 8.5, 7.75, 5.5], "texture": "#0"},
				"up": {"uv": [0, 1.75, 0, 0], "texture": "#0"},
				"down": {"uv": [0, 0, 0, 1.75], "texture": "#0"}
			}
		},
		{
			"from": [8, 2, 13],
			"to": [8, 14, 20],
			"rotation": {"angle": 45, "axis": "z", "origin": [8, 8, 19]},
			"faces": {
				"north": {"uv": [0, 0, 0, 3], "texture": "#0"},
				"east": {"uv": [7.75, 5.5, 6, 8.5], "texture": "#0"},
				"south": {"uv": [0, 0, 0, 3], "texture": "#0"},
				"west": {"uv": [6, 5.5, 7.75, 8.5], "texture": "#0"},
				"up": {"uv": [0, 1.75, 0, 0], "texture": "#0"},
				"down": {"uv": [0, 0, 0, 1.75], "texture": "#0"}
			}
		}
	],
	"display": {
		"thirdperson_righthand": {
			"rotation": [75, 45, 0],
			"translation": [0, 2.5, 0],
			"scale": [0.375, 0.375, 0.375]
		},
		"thirdperson_lefthand": {
			"rotation": [75, 45, 0],
			"translation": [0, 2.5, 0],
			"scale": [0.375, 0.375, 0.375]
		},
		"firstperson_righthand": {
			"rotation": [0, 45, 0],
			"translation": [0, 1, 0],
			"scale": [0.4, 0.4, 0.4]
		},
		"firstperson_lefthand": {
			"rotation": [0, 45, 0],
			"translation": [0, 1, 0],
			"scale": [0.4, 0.4, 0.4]
		},
		"ground": {
			"translation": [0, 3, 0],
			"scale": [0.25, 0.25, 0.25]
		},
		"gui": {
			"rotation": [30, -135, 0],
			"translation": [0.5, 0, 0],
			"scale": [0.625, 0.625, 0.625]
		},
		"head": {
			"scale": [1.61, 1.61, 1.61]
		},
		"fixed": {
			"scale": [0.5, 0.5, 0.5]
		},
		"on_shelf": {
			"rotation": [0, 180, 0]
		}
	}
}