{
	"format_version": "1.21.6",
	"credit": "Made with Blockbench",
	"texture_size": [64, 64],
	"textures": {
		"4": "halloween:item/tv",
		"particle": "halloween:item/tv"
	},
	"elements": [
		{
			"from": [2.5, 3, 3.75],
			"to": [13.5, 12, 14.75],
			"rotation": {"angle": 0, "axis": "y", "origin": [7.5, 5, 6.75]},
			"faces": {
				"north": {"uv": [2.75, 6.5, 5.5, 8.75], "texture": "#4"},
				"east": {"uv": [5.5, 6.5, 8.25, 8.75], "texture": "#4"},
				"south": {"uv": [6.75, 0, 9.5, 2.25], "texture": "#4"},
				"west": {"uv": [0, 5.5, 2.75, 7.75], "texture": "#4"},
				"up": {"uv": [2.75, 2.75, 0, 0], "rotation": 270, "texture": "#4"},
				"down": {"uv": [2.75, 2.75, 0, 5.5], "rotation": 90, "texture": "#4"}
			}
		},
		{
			"from": [13.5, 3, 2.75],
			"to": [14.5, 12, 10.75],
			"rotation": {"angle": 0, "axis": "y", "origin": [6.5, 5, 6.75]},
			"faces": {
				"north": {"uv": [2, 7.75, 2.25, 10], "texture": "#4"},
				"east": {"uv": [0, 7.75, 2, 10], "texture": "#4"},
				"south": {"uv": [2.25, 7.75, 2.5, 10], "texture": "#4"},
				"west": {"uv": [6.75, 2.25, 8.75, 4.5], "texture": "#4"},
				"up": {"uv": [10.75, 2.5, 8.75, 2.25], "rotation": 270, "texture": "#4"},
				"down": {"uv": [4.5, 8.75, 2.5, 9], "rotation": 90, "texture": "#4"}
			}
		},
		{
			"from": [1.5, 3, 2.75],
			"to": [2.5, 12, 10.75],
			"rotation": {"angle": 0, "axis": "y", "origin": [-4.5, 5, 6.75]},
			"faces": {
				"north": {"uv": [2, 7.75, 2.25, 10], "texture": "#4"},
				"east": {"uv": [0, 7.75, 2, 10], "texture": "#4"},
				"south": {"uv": [2.25, 7.75, 2.5, 10], "texture": "#4"},
				"west": {"uv": [6.75, 2.25, 8.75, 4.5], "texture": "#4"},
				"up": {"uv": [8.75, 2.25, 10.75, 2.5], "rotation": 270, "texture": "#4"},
				"down": {"uv": [2.5, 8.75, 4.5, 9], "rotation": 90, "texture": "#4"}
			}
		},
		{
			"from": [1.5, 12, 2.75],
			"to": [14.5, 13, 10.75],
			"rotation": {"angle": 0, "axis": "y", "origin": [7.5, 12, 6.75]},
			"faces": {
				"north": {"uv": [6.75, 5.75, 10, 6], "texture": "#4"},
				"east": {"uv": [8.25, 8.5, 10.25, 8.75], "texture": "#4"},
				"south": {"uv": [6.75, 6, 10, 6.25], "texture": "#4"},
				"west": {"uv": [8.25, 8.25, 10.25, 8.5], "texture": "#4"},
				"up": {"uv": [4.75, 3.25, 2.75, 0], "rotation": 270, "texture": "#4"},
				"down": {"uv": [4.75, 3.25, 2.75, 6.5], "rotation": 90, "texture": "#4"}
			}
		},
		{
			"from": [6.5, 13, 6.75],
			"to": [9.5, 14, 9.75],
			"rotation": {"angle": 0, "axis": "y", "origin": [10.5, 13, 8.75]},
			"faces": {
				"north": {"uv": [8.75, 3.25, 9.5, 3.5], "texture": "#4"},
				"east": {"uv": [8.75, 3.5, 9.5, 3.75], "texture": "#4"},
				"south": {"uv": [8.75, 3.75, 9.5, 4], "texture": "#4"},
				"west": {"uv": [8.75, 3, 9.5, 3.25], "texture": "#4"},
				"up": {"uv": [9, 7.5, 8.25, 6.75], "rotation": 270, "texture": "#4"},
				"down": {"uv": [9, 7.5, 8.25, 8.25], "rotation": 90, "texture": "#4"}
			}
		},
		{
			"from": [5.5, 14, 8.25],
			"to": [10.5, 19, 8.25],
			"rotation": {"angle": 0, "axis": "y", "origin": [10.5, 14, 8.75]},
			"faces": {
				"north": {"uv": [6.75, 4.5, 8, 5.75], "texture": "#4"},
				"east": {"uv": [0, 0, 0, 1.25], "texture": "#4"},
				"south": {"uv": [6.75, 4.5, 8, 5.75], "texture": "#4"},
				"west": {"uv": [0, 0, 0, 1.25], "texture": "#4"},
				"up": {"uv": [0, 1.25, 0, 0], "rotation": 270, "texture": "#4"},
				"down": {"uv": [0, 0, 0, 1.25], "rotation": 90, "texture": "#4"}
			}
		},
		{
			"from": [1.5, 2, 2.75],
			"to": [14.5, 3, 10.75],
			"rotation": {"angle": 0, "axis": "y", "origin": [7.5, 2, 6.75]},
			"faces": {
				"north": {"uv": [6.75, 6.25, 10, 6.5], "texture": "#4"},
				"east": {"uv": [8.75, 2.75, 10.75, 3], "texture": "#4"},
				"south": {"uv": [8.25, 6.5, 11.5, 6.75], "texture": "#4"},
				"west": {"uv": [8.75, 2.5, 10.75, 2.75], "texture": "#4"},
				"up": {"uv": [6.75, 3.25, 4.75, 0], "rotation": 270, "texture": "#4"},
				"down": {"uv": [6.75, 3.25, 4.75, 6.5], "rotation": 90, "texture": "#4"}
			}
		}
	],
	"display": {
		"thirdperson_righthand": {
			"rotation": [75, 45, 0],
			"translation": [0, 2.5, 0],
			"scale": [0.375, 0.375, 0.375]
		},
		"thirdperson_lefthand": {
			"rotation": [75, 45, 0],
			"translation": [0, 2.5, 0],
			"scale": [0.375, 0.375, 0.375]
		},
		"firstperson_righthand": {
			"rotation": [0, 135, 0],
			"translation": [0, 1, 0],
			"scale": [0.4, 0.4, 0.4]
		},
		"firstperson_lefthand": {
			"rotation": [0, 135, 0],
			"translation": [0, 1, 0],
			"scale": [0.4, 0.4, 0.4]
		},
		"ground": {
			"translation": [0, 3, 0],
			"scale": [0.25, 0.25, 0.25]
		},
		"gui": {
			"rotation": [30, -135, 0],
			"scale": [0.625, 0.625, 0.625]
		},
		"head": {
			"translation": [0, 0.75, 0],
			"scale": [1.71, 1.71, 1.71]
		},
		"fixed": {
			"scale": [0.5, 0.5, 0.5]
		}
	}
}