{
	"format_version": "1.21.6",
	"credit": "Made with Blockbench",
	"texture_size": [64, 64],
	"textures": {
		"1": "halloween:item/witch_hat"
	},
	"elements": [
		{
			"from": [2.5, 4, -0.5],
			"to": [13.5, 4, 16.5],
			"rotation": {"angle": 0, "axis": "y", "origin": [8.5, 4, 8.5]},
			"faces": {
				"north": {"uv": [0, 0, 2.75, 0], "texture": "#1"},
				"east": {"uv": [0, 0, 4.25, 0], "texture": "#1"},
				"south": {"uv": [0, 0, 2.75, 0], "texture": "#1"},
				"west": {"uv": [0, 0, 4.25, 0], "texture": "#1"},
				"up": {"uv": [2.75, 4.25, 0, 0], "texture": "#1"},
				"down": {"uv": [2.75, 0, 0, 4.25], "texture": "#1"}
			}
		},
		{
			"from": [-1.85459, 0.75732, -0.5],
			"to": [3.14541, 0.75732, 16.5],
			"rotation": {"angle": 22.5, "axis": "z", "origin": [-5.32832, 0.75732, 8.5]},
			"faces": {
				"north": {"uv": [0, 0, 1.25, 0], "texture": "#1"},
				"east": {"uv": [0, 0, 4.25, 0], "texture": "#1"},
				"south": {"uv": [0, 0, 1.25, 0], "texture": "#1"},
				"west": {"uv": [0, 0, 4.25, 0], "texture": "#1"},
				"up": {"uv": [1.25, 8.5, 0, 4.25], "texture": "#1"},
				"down": {"uv": [1.25, 4.25, 0, 8.5], "texture": "#1"}
			}
		},
		{
			"from": [12.85459, 0.75732, -0.5],
			"to": [17.85459, 0.75732, 16.5],
			"rotation": {"angle": -22.5, "axis": "z", "origin": [21.32832, 0.75732, 8.5]},
			"faces": {
				"north": {"uv": [0, 0, 1.25, 0], "texture": "#1"},
				"east": {"uv": [0, 0, 4.25, 0], "texture": "#1"},
				"south": {"uv": [0, 0, 1.25, 0], "texture": "#1"},
				"west": {"uv": [0, 0, 4.25, 0], "texture": "#1"},
				"up": {"uv": [3.75, 8.5, 2.5, 4.25], "texture": "#1"},
				"down": {"uv": [3.75, 4.25, 2.5, 8.5], "texture": "#1"}
			}
		},
		{
			"from": [3.5, 4, 3.5],
			"to": [12.5, 10, 12.5],
			"rotation": {"angle": 0, "axis": "y", "origin": [7.5, 4, 7.5]},
			"faces": {
				"north": {"uv": [5.5, 2.25, 7.75, 3.75], "texture": "#1"},
				"east": {"uv": [5, 6.5, 7.25, 8], "texture": "#1"},
				"south": {"uv": [7.25, 3.75, 9.5, 5.25], "texture": "#1"},
				"west": {"uv": [7.25, 5.25, 9.5, 6.75], "texture": "#1"},
				"up": {"uv": [7.25, 6.5, 5, 4.25], "texture": "#1"}
			}
		},
		{
			"from": [4.5, 9, 6],
			"to": [11.5, 14, 12],
			"rotation": {"angle": 30, "axis": "x", "origin": [7.5, 9, 8]},
			"faces": {
				"north": {"uv": [7.75, 1.5, 9.5, 2.75], "texture": "#1"},
				"east": {"uv": [6.75, 8.25, 8.25, 9.5], "texture": "#1"},
				"south": {"uv": [5, 8, 6.75, 9.25], "texture": "#1"},
				"west": {"uv": [8.25, 8.25, 9.75, 9.5], "texture": "#1"},
				"up": {"uv": [9, 8.25, 7.25, 6.75], "texture": "#1"},
				"down": {"uv": [9.5, 0, 7.75, 1.5], "texture": "#1"}
			}
		},
		{
			"from": [5.5, 9, 11],
			"to": [10.5, 13, 16],
			"rotation": {"angle": -22.5, "axis": "x", "origin": [6.5, 12, 11]},
			"faces": {
				"north": {"uv": [7.75, 2.75, 9, 3.75], "texture": "#1"},
				"east": {"uv": [2.5, 8.5, 3.75, 9.5], "texture": "#1"},
				"south": {"uv": [3.75, 8.5, 5, 9.5], "texture": "#1"},
				"west": {"uv": [9, 2.75, 10.25, 3.75], "texture": "#1"},
				"up": {"uv": [1.25, 9.75, 0, 8.5], "texture": "#1"},
				"down": {"uv": [2.5, 8.5, 1.25, 9.75], "texture": "#1"}
			}
		}
	],
	"display": {
		"thirdperson_righthand": {
			"rotation": [75, 45, 0],
			"translation": [0, 2.5, 0],
			"scale": [0.375, 0.375, 0.375]
		},
		"thirdperson_lefthand": {
			"rotation": [75, 45, 0],
			"translation": [0, 2.5, 0],
			"scale": [0.375, 0.375, 0.375]
		},
		"firstperson_righthand": {
			"rotation": [0, 45, 0],
			"translation": [0, 2.5, 0],
			"scale": [0.4, 0.4, 0.4]
		},
		"firstperson_lefthand": {
			"rotation": [0, 45, 0],
			"translation": [0, 2.5, 0],
			"scale": [0.4, 0.4, 0.4]
		},
		"ground": {
			"translation": [0, 3, 0],
			"scale": [0.25, 0.25, 0.25]
		},
		"gui": {
			"rotation": [30, -135, 0],
			"scale": [0.625, 0.625, 0.625]
		},
		"head": {
			"translation": [0, 8.5, 0],
			"scale": [1.71, 1.71, 1.71]
		},
		"fixed": {
			"scale": [0.5, 0.5, 0.5]
		}
	}
}