{
	"format_version": "1.21.6",
	"credit": "Made with Blockbench",
	"textures": {
		"1": "nodenium:item/alligator_gar_tail",
		"2": "nodenium:item/alligator_gar",
		"particle": "nodenium:item/alligator_gar"
	},
	"elements": [
		{
			"from": [16.28751, 6.75, 5.13076],
			"to": [24.78751, 10.25, 10.93076],
			"rotation": {"angle": 0, "axis": "y", "origin": [25.333, 8, 7.22846]},
			"faces": {
				"north": {"uv": [6.5, 1.5, 8.625, 2.375], "texture": "#2"},
				"east": {"uv": [5.25, 7.5, 6.75, 8.375], "texture": "#2"},
				"south": {"uv": [6.5, 2.5, 8.625, 3.375], "texture": "#2"},
				"west": {"uv": [6.75, 7.5, 8.25, 8.375], "texture": "#2"},
				"up": {"uv": [6.375, 3, 4.25, 1.5], "texture": "#2"},
				"down": {"uv": [6.375, 3, 4.25, 4.5], "texture": "#2"}
			}
		},
		{
			"from": [24.53951, 7.75, 5.76716],
			"to": [30.53951, 9.25, 10.26716],
			"rotation": {"angle": 0, "axis": "y", "origin": [27.333, 8, 7.22846]},
			"faces": {
				"north": {"uv": [8.5, 1, 10, 1.375], "texture": "#2"},
				"east": {"uv": [8.5, 4, 9.625, 4.375], "texture": "#2"},
				"south": {"uv": [8.5, 3.5, 10, 3.875], "texture": "#2"},
				"west": {"uv": [6.25, 8.5, 7.375, 8.875], "texture": "#2"},
				"up": {"uv": [5.25, 8.125, 3.75, 7], "texture": "#2"},
				"down": {"uv": [1.5, 7.25, 0, 8.375], "texture": "#2"}
			}
		},
		{
			"from": [25.03951, 7.25, 6.30678],
			"to": [30.53951, 7.75, 9.80678],
			"rotation": {"angle": 0, "axis": "y", "origin": [27.333, 8, 7.22846]},
			"faces": {
				"north": {"uv": [8.75, 2.75, 10.125, 2.875], "texture": "#2"},
				"east": {"uv": [8.75, 3.25, 9.625, 3.375], "texture": "#2"},
				"south": {"uv": [8.75, 3, 10.125, 3.125], "texture": "#2"},
				"west": {"uv": [4, 8.75, 4.875, 8.875], "texture": "#2"},
				"up": {"uv": [2.875, 8.625, 1.5, 7.75], "texture": "#2"},
				"down": {"uv": [9.125, 4.5, 7.75, 5.375], "texture": "#2"}
			}
		},
		{
			"from": [1.28751, 5.75, 5.03076],
			"to": [18.28751, 11.25, 11.03076],
			"rotation": {"angle": 0, "axis": "y", "origin": [8.07566, 8, 6.56691]},
			"faces": {
				"north": {"uv": [0, 3, 4.25, 4.375], "texture": "#2"},
				"east": {"uv": [6.25, 4.5, 7.75, 5.875], "texture": "#2"},
				"south": {"uv": [4.25, 0, 8.5, 1.375], "texture": "#2"},
				"west": {"uv": [6.25, 6, 7.75, 7.375], "texture": "#2"},
				"up": {"uv": [4.25, 1.5, 0, 0], "texture": "#2"},
				"down": {"uv": [4.25, 1.5, 0, 3], "texture": "#2"}
			}
		},
		{
			"from": [2.28751, 4.32279, 7.07168],
			"to": [6.78751, 5.32279, 7.07168],
			"rotation": {"angle": 45, "axis": "x", "origin": [8.07566, 8, 6.56691]},
			"faces": {
				"north": {"uv": [1.5, 8.75, 2.625, 9], "texture": "#2"},
				"east": {"uv": [0, 0, 0, 0.25], "texture": "#2"},
				"south": {"uv": [8.75, 1.5, 9.875, 1.75], "texture": "#2"},
				"west": {"uv": [0, 0, 0, 0.25], "texture": "#2"},
				"up": {"uv": [1.125, 0, 0, 0], "texture": "#2"},
				"down": {"uv": [1.125, 0, 0, 0], "texture": "#2"}
			}
		},
		{
			"from": [2.28751, 2.25259, 8.13234],
			"to": [6.78751, 3.25259, 8.13234],
			"rotation": {"angle": -45, "axis": "x", "origin": [8.07566, 8, 6.56691]},
			"faces": {
				"north": {"uv": [8.75, 1.75, 9.875, 2], "texture": "#2"},
				"east": {"uv": [0, 0, 0, 0.25], "texture": "#2"},
				"south": {"uv": [8.75, 2, 9.875, 2.25], "texture": "#2"},
				"west": {"uv": [0, 0, 0, 0.25], "texture": "#2"},
				"up": {"uv": [1.125, 0, 0, 0], "texture": "#2"},
				"down": {"uv": [1.125, 0, 0, 0], "texture": "#2"}
			}
		},
		{
			"from": [14.83421, 6.52888, 4.93076],
			"to": [17.33421, 10.52888, 4.93076],
			"rotation": {"angle": -22.5, "axis": "z", "origin": [8.07566, 8, 6.56691]},
			"faces": {
				"north": {"uv": [8.25, 8.25, 8.875, 9.25], "texture": "#2"},
				"east": {"uv": [0, 0, 0, 1], "texture": "#2"},
				"south": {"uv": [0, 8.5, 0.625, 9.5], "texture": "#2"},
				"west": {"uv": [0, 0, 0, 1], "texture": "#2"},
				"up": {"uv": [0.625, 0, 0, 0], "texture": "#2"},
				"down": {"uv": [0.625, 0, 0, 0], "texture": "#2"}
			}
		},
		{
			"from": [14.83421, 6.52888, 11.13076],
			"to": [17.33421, 10.52888, 11.13076],
			"rotation": {"angle": -22.5, "axis": "z", "origin": [8.07566, 8, 6.56691]},
			"faces": {
				"north": {"uv": [8.5, 0, 9.125, 1], "texture": "#2"},
				"east": {"uv": [0, 0, 0, 1], "texture": "#2"},
				"south": {"uv": [0.75, 8.5, 1.375, 9.5], "texture": "#2"},
				"west": {"uv": [0, 0, 0, 1], "texture": "#2"},
				"up": {"uv": [0.625, 0, 0, 0], "texture": "#2"},
				"down": {"uv": [0.625, 0, 0, 0], "texture": "#2"}
			}
		},
		{
			"from": [27.03951, 7.25, 5.76716],
			"to": [30.53951, 7.75, 5.76716],
			"rotation": {"angle": 0, "axis": "y", "origin": [27.333, 8, 7.22846]},
			"faces": {
				"north": {"uv": [8.75, 5.5, 9.625, 5.625], "texture": "#2"},
				"east": {"uv": [0, 0, 0, 0.125], "texture": "#2"},
				"south": {"uv": [8.75, 5.75, 9.625, 5.875], "texture": "#2"},
				"west": {"uv": [0, 0, 0, 0.125], "texture": "#2"},
				"up": {"uv": [0.875, 0, 0, 0], "texture": "#2"},
				"down": {"uv": [0.875, 0, 0, 0], "texture": "#2"}
			}
		},
		{
			"from": [27.03951, 7.25, 10.26716],
			"to": [30.53951, 7.75, 10.26716],
			"rotation": {"angle": 0, "axis": "y", "origin": [27.333, 8, 7.22846]},
			"faces": {
				"north": {"uv": [8.75, 5.5, 9.625, 5.625], "texture": "#2"},
				"east": {"uv": [0, 0, 0, 0.125], "texture": "#2"},
				"south": {"uv": [8.75, 5.75, 9.625, 5.875], "texture": "#2"},
				"west": {"uv": [0, 0, 0, 0.125], "texture": "#2"},
				"up": {"uv": [0.875, 0, 0, 0], "texture": "#2"},
				"down": {"uv": [0.875, 0, 0, 0], "texture": "#2"}
			}
		},
		{
			"from": [-4.71249, 6.25, 6.03076],
			"to": [4.28751, 10.75, 10.03076],
			"rotation": {"angle": 0, "axis": "y", "origin": [-6.37574, 9.875, 5.90105]},
			"faces": {
				"north": {"uv": [0, 4.5, 2.25, 5.625], "texture": "#2"},
				"east": {"uv": [7.75, 5.5, 8.75, 6.625], "texture": "#2"},
				"south": {"uv": [2.25, 4.5, 4.5, 5.625], "texture": "#2"},
				"west": {"uv": [3, 8.25, 4, 9.375], "texture": "#2"},
				"up": {"uv": [4, 6.75, 1.75, 5.75], "texture": "#2"},
				"down": {"uv": [6.25, 6, 4, 7], "texture": "#2"}
			}
		},
		{
			"from": [-11.71249, 6.25, 7.03076],
			"to": [-3.71249, 9.75, 9.03076],
			"rotation": {"angle": 0, "axis": "y", "origin": [-3.2804, 9.375, 7.63878]},
			"faces": {
				"north": {"uv": [3.5, 0, 7.5, 1.75], "texture": "#1"},
				"east": {"uv": [5, 6, 6, 7.75], "texture": "#1"},
				"south": {"uv": [3.5, 2, 7.5, 3.75], "texture": "#1"},
				"west": {"uv": [6, 6, 7, 7.75], "texture": "#1"},
				"up": {"uv": [7.5, 5, 3.5, 4], "texture": "#1"},
				"down": {"uv": [7.5, 5, 3.5, 6], "texture": "#1"}
			}
		},
		{
			"from": [-16, 5.25, 8.02976],
			"to": [-9, 10.75, 8.02976],
			"rotation": {"angle": 0, "axis": "y", "origin": [-3.2804, 9.375, 7.63878]},
			"faces": {
				"north": {"uv": [0, 0, 3.5, 2.75], "texture": "#1"},
				"south": {"uv": [0, 3, 3.5, 5.75], "texture": "#1"}
			}
		},
		{
			"from": [-8.71249, 9.75, 8.03076],
			"to": [-3.71249, 11.75, 8.03076],
			"rotation": {"angle": 0, "axis": "y", "origin": [-3.2804, 9.375, 7.63878]},
			"faces": {
				"north": {"uv": [0, 6, 2.5, 7], "texture": "#1"},
				"south": {"uv": [0, 6, 2.5, 7], "texture": "#1"}
			}
		},
		{
			"from": [-11.71249, 6.25, 7.03076],
			"to": [-3.71249, 9.75, 9.03076],
			"rotation": {"angle": -22.5, "axis": "y", "origin": [-3.2804, 9.375, 7.63878]},
			"faces": {
				"north": {"uv": [3.5, 8, 7.5, 9.75], "texture": "#1"},
				"east": {"uv": [5, 14, 6, 15.75], "texture": "#1"},
				"south": {"uv": [3.5, 10, 7.5, 11.75], "texture": "#1"},
				"west": {"uv": [6, 14, 7, 15.75], "texture": "#1"},
				"up": {"uv": [7.5, 13, 3.5, 12], "texture": "#1"},
				"down": {"uv": [7.5, 13, 3.5, 14], "texture": "#1"}
			}
		},
		{
			"from": [-16, 5.25, 8.02976],
			"to": [-9, 10.75, 8.02976],
			"rotation": {"angle": -22.5, "axis": "y", "origin": [-3.2804, 9.375, 7.63878]},
			"faces": {
				"north": {"uv": [0, 8, 3.5, 10.75], "texture": "#1"},
				"south": {"uv": [0, 11, 3.5, 13.75], "texture": "#1"}
			}
		},
		{
			"from": [-8.71249, 9.75, 8.03076],
			"to": [-3.71249, 11.75, 8.03076],
			"rotation": {"angle": -22.5, "axis": "y", "origin": [-3.2804, 9.375, 7.63878]},
			"faces": {
				"north": {"uv": [0, 14, 2.5, 15], "texture": "#1"},
				"south": {"uv": [0, 14, 2.5, 15], "texture": "#1"}
			}
		},
		{
			"from": [-11.71249, 6.25, 7.03076],
			"to": [-3.71249, 9.75, 9.03076],
			"rotation": {"angle": 22.5, "axis": "y", "origin": [-3.2804, 9.375, 7.63878]},
			"faces": {
				"north": {"uv": [11.5, 0, 15.5, 1.75], "texture": "#1"},
				"east": {"uv": [13, 6, 14, 7.75], "texture": "#1"},
				"south": {"uv": [11.5, 2, 15.5, 3.75], "texture": "#1"},
				"west": {"uv": [14, 6, 15, 7.75], "texture": "#1"},
				"up": {"uv": [15.5, 5, 11.5, 4], "texture": "#1"},
				"down": {"uv": [15.5, 5, 11.5, 6], "texture": "#1"}
			}
		},
		{
			"from": [-16, 5.25, 8.02976],
			"to": [-9, 10.75, 8.02976],
			"rotation": {"angle": 22.5, "axis": "y", "origin": [-3.2804, 9.375, 7.63878]},
			"faces": {
				"north": {"uv": [8, 0, 11.5, 2.75], "texture": "#1"},
				"south": {"uv": [8, 3, 11.5, 5.75], "texture": "#1"}
			}
		},
		{
			"from": [-8.71249, 9.75, 8.03076],
			"to": [-3.71249, 11.75, 8.03076],
			"rotation": {"angle": 22.5, "axis": "y", "origin": [-3.2804, 9.375, 7.63878]},
			"faces": {
				"north": {"uv": [8, 6, 10.5, 7], "texture": "#1"},
				"south": {"uv": [8, 6, 10.5, 7], "texture": "#1"}
			}
		}
	],
	"display": {
		"thirdperson_righthand": {
			"rotation": [32, 90, -2],
			"translation": [0, -0.25, 0],
			"scale": [4, 4, 4]
		},
		"thirdperson_lefthand": {
			"rotation": [0, -90, -90],
			"translation": [-4.5, 22.75, 0],
			"scale": [4, 4, 4]
		},
		"firstperson_righthand": {
			"rotation": [0, 90, 110],
			"translation": [2, 3, 0],
			"scale": [3.08, 3.08, 3.08]
		},
		"firstperson_lefthand": {
			"rotation": [0, -90, -110],
			"translation": [2, 3, 0],
			"scale": [0.37, 0.37, 0.37]
		},
		"ground": {
			"translation": [0, 5, 0],
			"scale": [2.35, 2.35, 2.35]
		},
		"gui": {
			"rotation": [30, -135, 0],
			"translation": [0.25, 0, 0],
			"scale": [0.39, 0.39, 0.39]
		},
		"head": {
			"rotation": [0, 90, 0],
			"translation": [0, -17.75, 0],
			"scale": [3, 3, 3]
		},
		"fixed": {
			"scale": [4, 4, 4]
		}
	},
	"groups": [
		{
			"name": "group",
			"origin": [-0.71049, 8, -10.64494],
			"color": 0,
			"children": [
				0,
				1,
				2,
				3,
				4,
				5,
				6,
				7,
				8,
				9,
				10,
				{
					"name": "tail1",
					"origin": [-6.37574, 8.48484, 6.49051],
					"color": 0,
					"children": [11, 12, 13]
				},
				{
					"name": "tail2",
					"origin": [-6.37574, 8.48484, 6.49051],
					"color": 0,
					"children": [14, 15, 16]
				},
				{
					"name": "tail3",
					"origin": [-6.37574, 8.48484, 6.49051],
					"color": 0,
					"children": [17, 18, 19]
				}
			]
		}
	]
}