{
	"format_version": "1.21.6",
	"credit": "Made with Blockbench",
	"texture_size": [128, 128],
	"textures": {
		"1": "nodenium:item/badonkadonk"
	},
	"elements": [
		{
			"from": [7, 2, 2.5],
			"to": [22, 12, 13.5],
			"rotation": {"angle": 0, "axis": "y", "origin": [14, 3, 8.5]},
			"faces": {
				"north": {"uv": [1.375, 1.375, 3.25, 2.625], "texture": "#1"},
				"east": {"uv": [0, 1.375, 1.375, 2.625], "texture": "#1"},
				"south": {"uv": [4.625, 1.375, 6.5, 2.625], "texture": "#1"},
				"west": {"uv": [3.25, 1.375, 4.625, 2.625], "texture": "#1"},
				"up": {"uv": [3.25, 1.375, 1.375, 0], "texture": "#1"},
				"down": {"uv": [5.125, 0, 3.25, 1.375], "texture": "#1"}
			}
		},
		{
			"from": [14.25, 2, -6.25],
			"to": [19.25, 3, 4.75],
			"rotation": {"angle": -25.80338, "axis": "x", "origin": [15.25, 3, 1.75]},
			"faces": {
				"north": {"uv": [5.375, 4, 6, 4.125], "texture": "#1"},
				"east": {"uv": [4, 4, 5.375, 4.125], "texture": "#1"},
				"south": {"uv": [7.375, 4, 8, 4.125], "texture": "#1"},
				"west": {"uv": [6, 4, 7.375, 4.125], "texture": "#1"},
				"up": {"uv": [6, 4, 5.375, 2.625], "texture": "#1"},
				"down": {"uv": [6.625, 2.625, 6, 4], "texture": "#1"}
			}
		},
		{
			"from": [14.25, 2, 11.25],
			"to": [19.25, 3, 22.25],
			"rotation": {"angle": 25.80338, "axis": "x", "origin": [15.25, 3, 14.25]},
			"faces": {
				"north": {"uv": [8, 4, 7.375, 4.125], "texture": "#1"},
				"east": {"uv": [5.375, 4, 4, 4.125], "texture": "#1"},
				"south": {"uv": [6, 4, 5.375, 4.125], "texture": "#1"},
				"west": {"uv": [7.375, 4, 6, 4.125], "texture": "#1"},
				"up": {"uv": [6, 2.625, 5.375, 4], "texture": "#1"},
				"down": {"uv": [6.625, 4, 6, 2.625], "texture": "#1"}
			}
		},
		{
			"from": [8, 10, 7.5],
			"to": [13, 19, 8.5],
			"rotation": {"angle": 12.5, "axis": "z", "origin": [8, 12, 8.5]},
			"faces": {
				"north": {"uv": [2.375, 7.5, 3, 8.625], "texture": "#1"},
				"east": {"uv": [2.25, 7.5, 2.375, 8.625], "texture": "#1"},
				"south": {"uv": [3.125, 7.5, 3.75, 8.625], "texture": "#1"},
				"west": {"uv": [3, 7.5, 3.125, 8.625], "texture": "#1"},
				"up": {"uv": [3, 7.5, 2.375, 7.375], "texture": "#1"},
				"down": {"uv": [3.625, 7.375, 3, 7.5], "texture": "#1"}
			}
		},
		{
			"from": [21.25, 4, 3.5],
			"to": [24.25, 10, 12.5],
			"rotation": {"angle": 7.5, "axis": "z", "origin": [26, 8, 8]},
			"faces": {
				"north": {"uv": [4.875, 7, 5.25, 7.75], "texture": "#1"},
				"east": {"uv": [3.75, 7, 4.875, 7.75], "texture": "#1"},
				"south": {"uv": [6.375, 7, 6.75, 7.75], "texture": "#1"},
				"west": {"uv": [5.25, 7, 6.375, 7.75], "texture": "#1"},
				"up": {"uv": [5.25, 7, 4.875, 5.875], "texture": "#1"},
				"down": {"uv": [5.625, 5.875, 5.25, 7], "texture": "#1"}
			}
		},
		{
			"from": [24.25, 8, 12.5],
			"to": [30.25, 10, 16.5],
			"rotation": {"angle": 7.5, "axis": "z", "origin": [26, 8, 8]},
			"faces": {
				"north": {"uv": [7, 2, 7.75, 2.25], "texture": "#1"},
				"east": {"uv": [6.5, 2, 7, 2.25], "texture": "#1"},
				"south": {"uv": [8.25, 2, 9, 2.25], "texture": "#1"},
				"west": {"uv": [7.75, 2, 8.25, 2.25], "texture": "#1"},
				"up": {"uv": [7.75, 2, 7, 1.5], "texture": "#1"},
				"down": {"uv": [8.5, 1.5, 7.75, 2], "texture": "#1"}
			}
		},
		{
			"from": [24.25, 8, -0.5],
			"to": [30.25, 10, 3.5],
			"rotation": {"angle": 7.5, "axis": "z", "origin": [26, 8, 8]},
			"faces": {
				"north": {"uv": [7, 2, 7.75, 2.25], "texture": "#1"},
				"east": {"uv": [6.5, 2, 7, 2.25], "texture": "#1"},
				"south": {"uv": [8.25, 2, 9, 2.25], "texture": "#1"},
				"west": {"uv": [7.75, 2, 8.25, 2.25], "texture": "#1"},
				"up": {"uv": [7.75, 2, 7, 1.5], "texture": "#1"},
				"down": {"uv": [8.5, 1.5, 7.75, 2], "texture": "#1"}
			}
		},
		{
			"from": [24.25, 7, 3.5],
			"to": [30.25, 10, 12.5],
			"rotation": {"angle": 7.5, "axis": "z", "origin": [26, 8, 8]},
			"faces": {
				"north": {"uv": [1.125, 7, 1.875, 7.375], "texture": "#1"},
				"east": {"uv": [0, 7, 1.125, 7.375], "texture": "#1"},
				"south": {"uv": [3, 7, 3.75, 7.375], "texture": "#1"},
				"west": {"uv": [1.875, 7, 3, 7.375], "texture": "#1"},
				"up": {"uv": [1.875, 7, 1.125, 5.875], "texture": "#1"},
				"down": {"uv": [2.625, 5.875, 1.875, 7], "texture": "#1"}
			}
		},
		{
			"from": [24.25, 8, 16.5],
			"to": [31.25, 11, 19.5],
			"rotation": {"angle": 7.5, "axis": "z", "origin": [26, 8, 8]},
			"faces": {
				"north": {"uv": [7.125, 6.25, 8, 6.625], "texture": "#1"},
				"east": {"uv": [6.75, 6.25, 7.125, 6.625], "texture": "#1"},
				"south": {"uv": [8.375, 6.25, 9.25, 6.625], "texture": "#1"},
				"west": {"uv": [8, 6.25, 8.375, 6.625], "texture": "#1"},
				"up": {"uv": [8, 6.25, 7.125, 5.875], "texture": "#1"},
				"down": {"uv": [8.875, 5.875, 8, 6.25], "texture": "#1"}
			}
		},
		{
			"from": [24.25, 6, 11.5],
			"to": [29.25, 7, 11.5],
			"rotation": {"angle": 7.5, "axis": "z", "origin": [26, 8, 8]},
			"faces": {
				"north": {"uv": [6.5, 2.25, 7.125, 2.375], "texture": "#1"},
				"east": {"uv": [6.5, 2.25, 6.5, 2.375], "texture": "#1"},
				"south": {"uv": [7.125, 2.25, 7.75, 2.375], "texture": "#1"},
				"west": {"uv": [7.125, 2.25, 7.125, 2.375], "texture": "#1"},
				"up": {"uv": [7.125, 2.25, 6.5, 2.25], "texture": "#1"},
				"down": {"uv": [7.75, 2.25, 7.125, 2.25], "texture": "#1"}
			}
		},
		{
			"from": [24.25, 6, 4.5],
			"to": [29.25, 7, 4.5],
			"rotation": {"angle": 7.5, "axis": "z", "origin": [26, 8, 8]},
			"faces": {
				"north": {"uv": [6.5, 2.25, 7.125, 2.375], "texture": "#1"},
				"east": {"uv": [6.5, 2.25, 6.5, 2.375], "texture": "#1"},
				"south": {"uv": [7.125, 2.25, 7.75, 2.375], "texture": "#1"},
				"west": {"uv": [7.125, 2.25, 7.125, 2.375], "texture": "#1"},
				"up": {"uv": [7.125, 2.25, 6.5, 2.25], "texture": "#1"},
				"down": {"uv": [7.75, 2.25, 7.125, 2.25], "texture": "#1"}
			}
		},
		{
			"from": [29.25, 6, 4.5],
			"to": [29.25, 7, 11.5],
			"rotation": {"angle": 7.5, "axis": "z", "origin": [26, 8, 8]},
			"faces": {
				"north": {"uv": [7.625, 8.25, 7.625, 8.375], "texture": "#1"},
				"east": {"uv": [6.75, 8.25, 7.625, 8.375], "texture": "#1"},
				"south": {"uv": [8.5, 8.25, 8.5, 8.375], "texture": "#1"},
				"west": {"uv": [7.625, 8.25, 8.5, 8.375], "texture": "#1"},
				"up": {"uv": [7.625, 8.25, 7.625, 7.375], "texture": "#1"},
				"down": {"uv": [7.625, 7.375, 7.625, 8.25], "texture": "#1"}
			}
		},
		{
			"from": [24.25, 8, -3.5],
			"to": [31.25, 11, -0.5],
			"rotation": {"angle": 7.5, "axis": "z", "origin": [26, 8, 8]},
			"faces": {
				"north": {"uv": [7.125, 7, 8, 7.375], "texture": "#1"},
				"east": {"uv": [6.75, 7, 7.125, 7.375], "texture": "#1"},
				"south": {"uv": [8.375, 7, 9.25, 7.375], "texture": "#1"},
				"west": {"uv": [8, 7, 8.375, 7.375], "texture": "#1"},
				"up": {"uv": [8, 7, 7.125, 6.625], "texture": "#1"},
				"down": {"uv": [8.875, 6.625, 8, 7], "texture": "#1"}
			}
		},
		{
			"from": [24, 5, 5.5],
			"to": [27, 6, 5.5],
			"rotation": {"angle": -5, "axis": "z", "origin": [24.5, 4, 8]},
			"faces": {
				"north": {"uv": [6.5, 2.375, 6.875, 2.5], "texture": "#1"},
				"east": {"uv": [6.5, 2.375, 6.5, 2.5], "texture": "#1"},
				"south": {"uv": [6.875, 2.375, 7.25, 2.5], "texture": "#1"},
				"west": {"uv": [6.875, 2.375, 6.875, 2.5], "texture": "#1"},
				"up": {"uv": [6.875, 2.375, 6.5, 2.375], "texture": "#1"},
				"down": {"uv": [7.25, 2.375, 6.875, 2.375], "texture": "#1"}
			}
		},
		{
			"from": [24, 5, 10.5],
			"to": [27, 6, 10.5],
			"rotation": {"angle": -5, "axis": "z", "origin": [24.5, 4, 8]},
			"faces": {
				"north": {"uv": [6.5, 2.5, 6.875, 2.625], "texture": "#1"},
				"east": {"uv": [6.5, 2.5, 6.5, 2.625], "texture": "#1"},
				"south": {"uv": [6.875, 2.5, 7.25, 2.625], "texture": "#1"},
				"west": {"uv": [6.875, 2.5, 6.875, 2.625], "texture": "#1"},
				"up": {"uv": [6.875, 2.5, 6.5, 2.5], "texture": "#1"},
				"down": {"uv": [7.25, 2.5, 6.875, 2.5], "texture": "#1"}
			}
		},
		{
			"from": [28, 5, 5.5],
			"to": [28, 6, 10.5],
			"rotation": {"angle": -5, "axis": "z", "origin": [24.5, 4, 8]},
			"faces": {
				"north": {"uv": [4.375, 8.375, 4.5, 8.5], "texture": "#1"},
				"east": {"uv": [3.75, 8.375, 4.375, 8.5], "texture": "#1"},
				"south": {"uv": [5.125, 8.375, 5.25, 8.5], "texture": "#1"},
				"west": {"uv": [4.5, 8.375, 5.125, 8.5], "texture": "#1"},
				"up": {"uv": [4.5, 8.375, 4.375, 7.75], "texture": "#1"},
				"down": {"uv": [4.625, 7.75, 4.5, 8.375], "texture": "#1"}
			}
		},
		{
			"from": [24, 4, 5.5],
			"to": [28, 5, 10.5],
			"rotation": {"angle": -5, "axis": "z", "origin": [24.5, 4, 8]},
			"faces": {
				"north": {"uv": [0.625, 8, 1.125, 8.125], "texture": "#1"},
				"east": {"uv": [0, 8, 0.625, 8.125], "texture": "#1"},
				"south": {"uv": [1.75, 8, 2.25, 8.125], "texture": "#1"},
				"west": {"uv": [1.125, 8, 1.75, 8.125], "texture": "#1"},
				"up": {"uv": [1.125, 8, 0.625, 7.375], "texture": "#1"},
				"down": {"uv": [1.625, 7.375, 1.125, 8], "texture": "#1"}
			}
		},
		{
			"from": [0, 3, 4.5],
			"to": [7, 10, 11.5],
			"rotation": {"angle": 0, "axis": "y", "origin": [0, 3, 8.5]},
			"faces": {
				"north": {"uv": [0.875, 5, 1.75, 5.875], "texture": "#1"},
				"east": {"uv": [0, 5, 0.875, 5.875], "texture": "#1"},
				"south": {"uv": [2.625, 5, 3.5, 5.875], "texture": "#1"},
				"west": {"uv": [1.75, 5, 2.625, 5.875], "texture": "#1"},
				"up": {"uv": [1.75, 5, 0.875, 4.125], "texture": "#1"},
				"down": {"uv": [2.625, 4.125, 1.75, 5], "texture": "#1"}
			}
		},
		{
			"from": [0.75, 2.75, 1.75],
			"to": [3.75, 3.75, 7.75],
			"rotation": {"angle": -42.93221, "axis": "x", "origin": [-1.25, 2.75, 5.75]},
			"faces": {
				"north": {"uv": [7.75, 5.75, 8.125, 5.875], "texture": "#1"},
				"east": {"uv": [7, 5.75, 7.75, 5.875], "texture": "#1"},
				"south": {"uv": [8.875, 5.75, 9.25, 5.875], "texture": "#1"},
				"west": {"uv": [8.125, 5.75, 8.875, 5.875], "texture": "#1"},
				"up": {"uv": [8.125, 5.75, 7.75, 5], "texture": "#1"},
				"down": {"uv": [8.5, 5, 8.125, 5.75], "texture": "#1"}
			}
		},
		{
			"from": [0.75, 2.75, 8.25],
			"to": [3.75, 3.75, 14.25],
			"rotation": {"angle": 42.93221, "axis": "x", "origin": [-1.25, 2.75, 10.25]},
			"faces": {
				"north": {"uv": [9.25, 5.75, 8.875, 5.875], "texture": "#1"},
				"east": {"uv": [7.75, 5.75, 7, 5.875], "texture": "#1"},
				"south": {"uv": [8.125, 5.75, 7.75, 5.875], "texture": "#1"},
				"west": {"uv": [8.875, 5.75, 8.125, 5.875], "texture": "#1"},
				"up": {"uv": [8.125, 5, 7.75, 5.75], "texture": "#1"},
				"down": {"uv": [8.5, 5.75, 8.125, 5], "texture": "#1"}
			}
		}
	],
	"display": {
		"thirdperson_righthand": {
			"rotation": [29.75, 90, 0],
			"translation": [0, -1.75, 32],
			"scale": [3.2, 3.2, 3.2]
		},
		"thirdperson_lefthand": {
			"rotation": [75, 45, 0],
			"translation": [0, 2.5, 0]
		},
		"firstperson_righthand": {
			"rotation": [0, 45, 0],
			"scale": [0.4, 0.4, 0.4]
		},
		"firstperson_lefthand": {
			"rotation": [0, -135, 0],
			"scale": [0.4, 0.4, 0.4]
		},
		"ground": {
			"rotation": [90, -90, 0],
			"translation": [0, 30.25, 6.5],
			"scale": [2.5, 2.5, 2.5]
		},
		"gui": {
			"rotation": [30, -135, 0],
			"translation": [1.5, 0, 0],
			"scale": [0.345, 0.345, 0.345]
		},
		"head": {
			"rotation": [0, 90, 0],
			"translation": [0, 0, 11],
			"scale": [1.8, 1.8, 1.8]
		}
	},
	"groups": [
		{
			"name": "body",
			"origin": [8, 0, 8],
			"color": 0,
			"children": [0, 1, 2, 3]
		},
		{
			"name": "head",
			"origin": [8, 0, 8],
			"color": 0,
			"children": [
				4,
				5,
				6,
				7,
				8,
				9,
				10,
				11,
				12,
				{
					"name": "jaw",
					"origin": [8, 0, 8],
					"color": 0,
					"children": [13, 14, 15, 16]
				}
			]
		},
		{
			"name": "tailsection1",
			"origin": [8, 0, 8],
			"color": 0,
			"children": [
				17,
				18,
				19,
				{
					"name": "tailsection2",
					"origin": [8, 0, 8],
					"color": 0,
					"children": []
				},
				{
					"name": "tailsection3",
					"origin": [8, 0, 8],
					"color": 0,
					"children": []
				}
			]
		}
	]
}