{
	"format_version": "1.21.6",
	"credit": "Made with Blockbench",
	"texture_size": [32, 32],
	"textures": {
		"2": "nodenium:item/badonkadonk_tail_2",
		"particle": "nodenium:item/badonkadonk_tail_2"
	},
	"elements": [
		{
			"from": [-7, 5, 6],
			"to": [0, 8, 11],
			"rotation": {"angle": 0, "axis": "y", "origin": [-1, 6, 9]},
			"faces": {
				"north": {"uv": [2.5, 2.5, 6, 4], "texture": "#2"},
				"east": {"uv": [0, 2.5, 2.5, 4], "texture": "#2"},
				"south": {"uv": [8.5, 2.5, 12, 4], "texture": "#2"},
				"west": {"uv": [6, 2.5, 8.5, 4], "texture": "#2"},
				"up": {"uv": [6, 2.5, 2.5, 0], "texture": "#2"},
				"down": {"uv": [9.5, 0, 6, 2.5], "texture": "#2"}
			}
		},
		{
			"from": [-3, 8, 8],
			"to": [-1, 11, 9],
			"rotation": {"angle": 10, "axis": "z", "origin": [0, 9, 9]},
			"faces": {
				"north": {"uv": [8.5, 6.5, 9.5, 8], "texture": "#2"},
				"east": {"uv": [8, 6.5, 8.5, 8], "texture": "#2"},
				"south": {"uv": [10, 6.5, 11, 8], "texture": "#2"},
				"west": {"uv": [9.5, 6.5, 10, 8], "texture": "#2"},
				"up": {"uv": [9.5, 6.5, 8.5, 6], "texture": "#2"},
				"down": {"uv": [10.5, 6, 9.5, 6.5], "texture": "#2"}
			}
		},
		{
			"from": [-3, 2, 8],
			"to": [-1, 6, 9],
			"rotation": {"angle": -5, "axis": "z", "origin": [0, 3, 9]},
			"faces": {
				"north": {"uv": [5.5, 6.5, 6.5, 8.5], "texture": "#2"},
				"east": {"uv": [5, 6.5, 5.5, 8.5], "texture": "#2"},
				"south": {"uv": [7, 6.5, 8, 8.5], "texture": "#2"},
				"west": {"uv": [6.5, 6.5, 7, 8.5], "texture": "#2"},
				"up": {"uv": [6.5, 6.5, 5.5, 6], "texture": "#2"},
				"down": {"uv": [7.5, 6, 6.5, 6.5], "texture": "#2"}
			}
		},
		{
			"from": [-15.83947, 6.86244, 8],
			"to": [-13.83947, 9.86244, 9],
			"rotation": {"angle": -45, "axis": "z", "origin": [-11.36244, 10.86244, 9]},
			"faces": {
				"north": {"uv": [8.5, 8.5, 9.5, 10], "texture": "#2"},
				"east": {"uv": [8, 8.5, 8.5, 10], "texture": "#2"},
				"south": {"uv": [10, 8.5, 11, 10], "texture": "#2"},
				"west": {"uv": [9.5, 8.5, 10, 10], "texture": "#2"},
				"up": {"uv": [9.5, 8.5, 8.5, 8], "texture": "#2"},
				"down": {"uv": [10.5, 8, 9.5, 8.5], "texture": "#2"}
			}
		},
		{
			"from": [-13.80393, 14.77665, 8],
			"to": [-1.80393, 17.77665, 9],
			"rotation": {"angle": -45, "axis": "z", "origin": [-16.27665, 15.77665, 9]},
			"faces": {
				"north": {"uv": [0.5, 4.5, 6.5, 6], "texture": "#2"},
				"east": {"uv": [0, 4.5, 0.5, 6], "texture": "#2"},
				"south": {"uv": [7, 4.5, 13, 6], "texture": "#2"},
				"west": {"uv": [6.5, 4.5, 7, 6], "texture": "#2"},
				"up": {"uv": [6.5, 4.5, 0.5, 4], "texture": "#2"},
				"down": {"uv": [12.5, 4, 6.5, 4.5], "texture": "#2"}
			}
		},
		{
			"from": [-9.75, 0.25, 8],
			"to": [-5.75, 5.25, 9],
			"rotation": {"angle": -45, "axis": "z", "origin": [-6.75, 6.25, 9]},
			"faces": {
				"north": {"uv": [0.5, 6.5, 2.5, 9], "texture": "#2"},
				"east": {"uv": [0, 6.5, 0.5, 9], "texture": "#2"},
				"south": {"uv": [3, 6.5, 5, 9], "texture": "#2"},
				"west": {"uv": [2.5, 6.5, 3, 9], "texture": "#2"},
				"up": {"uv": [2.5, 6.5, 0.5, 6], "texture": "#2"},
				"down": {"uv": [4.5, 6, 2.5, 6.5], "texture": "#2"}
			}
		}
	],
	"display": {
		"thirdperson_righthand": {
			"rotation": [29.75, 81, 0],
			"translation": [3, -1.75, 32],
			"scale": [3.2, 3.2, 3.2]
		},
		"thirdperson_lefthand": {
			"rotation": [75, 45, 0],
			"translation": [0, 2.5, 0]
		},
		"firstperson_righthand": {
			"rotation": [0, 45, 0],
			"scale": [0.4, 0.4, 0.4]
		},
		"firstperson_lefthand": {
			"rotation": [0, -135, 0],
			"scale": [0.4, 0.4, 0.4]
		},
		"ground": {
			"rotation": [90, -80, 0],
			"translation": [0, 30.25, 6.5],
			"scale": [2.5, 2.5, 2.5]
		},
		"gui": {
			"rotation": [30, -135, 0],
			"translation": [1.5, 0, 0],
			"scale": [0.345, 0.345, 0.345]
		},
		"head": {
			"rotation": [0, 90, 0],
			"translation": [0, 0, 11],
			"scale": [1.8, 1.8, 1.8]
		}
	},
	"groups": [
		{
			"name": "body",
			"origin": [8, 0, 8],
			"color": 0,
			"children": []
		},
		{
			"name": "head",
			"origin": [8, 0, 8],
			"color": 0,
			"children": [
				{
					"name": "jaw",
					"origin": [8, 0, 8],
					"color": 0,
					"children": []
				}
			]
		},
		{
			"name": "tailsection1",
			"origin": [8, 0, 8],
			"color": 0,
			"children": [
				{
					"name": "tailsection2",
					"origin": [8, 0, 8],
					"color": 0,
					"children": [0, 1, 2]
				},
				{
					"name": "tailsection3",
					"origin": [8, 0, 8],
					"color": 0,
					"children": [3, 4, 5]
				}
			]
		}
	]
}