{
	"format_version": "1.21.6",
	"credit": "Made with Blockbench",
	"texture_size": [32, 32],
	"textures": {
		"1": "nodenium:item/badonkadonk_tail_0"
	},
	"elements": [
		{
			"from": [-7, 5, 6],
			"to": [0, 8, 11],
			"rotation": {"angle": 0, "axis": "y", "origin": [-1, 6, 9]},
			"faces": {
				"north": {"uv": [0, 5.5, 3.5, 7], "texture": "#1"},
				"east": {"uv": [2, 7, 4.5, 8.5], "texture": "#1"},
				"south": {"uv": [3.5, 5.5, 7, 7], "texture": "#1"},
				"west": {"uv": [7, 2.5, 9.5, 4], "texture": "#1"},
				"up": {"uv": [3.5, 5.5, 0, 3], "texture": "#1"},
				"down": {"uv": [7, 3, 3.5, 5.5], "texture": "#1"}
			}
		},
		{
			"from": [-3, 8, 8],
			"to": [-1, 11, 9],
			"rotation": {"angle": 10, "axis": "z", "origin": [0, 9, 9]},
			"faces": {
				"north": {"uv": [5.5, 7.5, 6.5, 9], "texture": "#1"},
				"east": {"uv": [3.5, 8.5, 4, 10], "texture": "#1"},
				"south": {"uv": [6.5, 7.5, 7.5, 9], "texture": "#1"},
				"west": {"uv": [4, 8.5, 4.5, 10], "texture": "#1"},
				"up": {"uv": [7, 3, 6, 2.5], "texture": "#1"},
				"down": {"uv": [8, 6.5, 7, 7], "texture": "#1"}
			}
		},
		{
			"from": [-3, 2, 8],
			"to": [-1, 6, 9],
			"rotation": {"angle": -5, "axis": "z", "origin": [0, 3, 9]},
			"faces": {
				"north": {"uv": [7, 4.5, 8, 6.5], "texture": "#1"},
				"east": {"uv": [2.5, 8.5, 3, 10.5], "texture": "#1"},
				"south": {"uv": [4.5, 7.5, 5.5, 9.5], "texture": "#1"},
				"west": {"uv": [3, 8.5, 3.5, 10.5], "texture": "#1"},
				"up": {"uv": [9.5, 6.5, 8.5, 6], "texture": "#1"},
				"down": {"uv": [9.5, 6.5, 8.5, 7], "texture": "#1"}
			}
		},
		{
			"from": [-15.83947, 6.86244, 8],
			"to": [-13.83947, 9.86244, 9],
			"rotation": {"angle": -45, "axis": "z", "origin": [-11.36244, 10.86244, 9]},
			"faces": {
				"north": {"uv": [7.5, 7.5, 8.5, 9], "texture": "#1"},
				"east": {"uv": [8.5, 4.5, 9, 6], "texture": "#1"},
				"south": {"uv": [8, 0, 9, 1.5], "texture": "#1"},
				"west": {"uv": [8.5, 7.5, 9, 9], "texture": "#1"},
				"up": {"uv": [6.5, 9.5, 5.5, 9], "texture": "#1"},
				"down": {"uv": [7.5, 9, 6.5, 9.5], "texture": "#1"}
			}
		},
		{
			"from": [-13.80393, 14.77665, 8],
			"to": [-1.80393, 17.77665, 9],
			"rotation": {"angle": -45, "axis": "z", "origin": [-16.27665, 15.77665, 9]},
			"faces": {
				"north": {"uv": [0, 0, 6, 1.5], "texture": "#1"},
				"east": {"uv": [9, 0, 9.5, 1.5], "texture": "#1"},
				"south": {"uv": [0, 1.5, 6, 3], "texture": "#1"},
				"west": {"uv": [9, 4.5, 9.5, 6], "texture": "#1"},
				"up": {"uv": [13, 4.5, 7, 4], "texture": "#1"},
				"down": {"uv": [10.5, 7, 4.5, 7.5], "texture": "#1"}
			}
		},
		{
			"from": [-9.75, 0.25, 8],
			"to": [-5.75, 5.25, 9],
			"rotation": {"angle": -45, "axis": "z", "origin": [-6.75, 6.25, 9]},
			"faces": {
				"north": {"uv": [6, 0, 8, 2.5], "texture": "#1"},
				"east": {"uv": [8, 4.5, 8.5, 7], "texture": "#1"},
				"south": {"uv": [0, 7, 2, 9.5], "texture": "#1"},
				"west": {"uv": [2, 8.5, 2.5, 11], "texture": "#1"},
				"up": {"uv": [10, 2, 8, 1.5], "texture": "#1"},
				"down": {"uv": [10, 2, 8, 2.5], "texture": "#1"}
			}
		}
	],
	"display": {
		"thirdperson_righthand": {
			"rotation": [29.75, 90, 0],
			"translation": [0, -1.75, 32],
			"scale": [3.2, 3.2, 3.2]
		},
		"thirdperson_lefthand": {
			"rotation": [75, 45, 0],
			"translation": [0, 2.5, 0]
		},
		"firstperson_righthand": {
			"rotation": [0, 45, 0],
			"scale": [0.4, 0.4, 0.4]
		},
		"firstperson_lefthand": {
			"rotation": [0, -135, 0],
			"scale": [0.4, 0.4, 0.4]
		},
		"ground": {
			"rotation": [90, -90, 0],
			"translation": [0, 30.25, 6.5],
			"scale": [2.5, 2.5, 2.5]
		},
		"gui": {
			"rotation": [30, -135, 0],
			"translation": [1.5, 0, 0],
			"scale": [0.345, 0.345, 0.345]
		},
		"head": {
			"rotation": [0, 90, 0],
			"translation": [0, 0, 11],
			"scale": [1.8, 1.8, 1.8]
		}
	},
	"groups": [
		{
			"name": "tailsection1",
			"origin": [8, 0, 8],
			"color": 0,
			"children": [
				{
					"name": "tailsection2",
					"origin": [8, 0, 8],
					"color": 0,
					"children": [0, 1, 2]
				},
				{
					"name": "tailsection3",
					"origin": [8, 0, 8],
					"color": 0,
					"children": [3, 4, 5]
				}
			]
		}
	]
}