{
	"credit": "Made with Blockbench",
	"texture_size": [32, 32],
	"textures": {
		"0": "nodenium:item/baguette_sword",
		"particle": "nodenium:item/baguette_sword"
	},
	"elements": [
		{
			"from": [7, 6, 6],
			"to": [10, 23, 9],
			"rotation": {"angle": 0, "axis": "y", "origin": [7, 6, 6]},
			"faces": {
				"north": {"uv": [0, 0, 1.5, 8.5], "texture": "#0"},
				"east": {"uv": [1.5, 0, 3, 8.5], "texture": "#0"},
				"south": {"uv": [3, 0, 4.5, 8.5], "texture": "#0"},
				"west": {"uv": [4.5, 0, 6, 8.5], "texture": "#0"},
				"up": {"uv": [7.5, 1.5, 6, 0], "texture": "#0"},
				"down": {"uv": [7.5, 1.5, 6, 3], "texture": "#0"}
			}
		},
		{
			"from": [7, 0, 6],
			"to": [10, 1, 9],
			"rotation": {"angle": 0, "axis": "y", "origin": [7, 0, 6]},
			"faces": {
				"north": {"uv": [8, 0, 9.5, 0.5], "texture": "#0"},
				"east": {"uv": [8, 0.5, 9.5, 1], "texture": "#0"},
				"south": {"uv": [8, 1, 9.5, 1.5], "texture": "#0"},
				"west": {"uv": [8, 1.5, 9.5, 2], "texture": "#0"},
				"up": {"uv": [9, 7.5, 7.5, 6], "texture": "#0"},
				"down": {"uv": [9, 7.5, 7.5, 9], "texture": "#0"}
			}
		},
		{
			"from": [8, 1, 7],
			"to": [9, 5, 8],
			"rotation": {"angle": 0, "axis": "y", "origin": [8, 1, 7]},
			"faces": {
				"north": {"uv": [7, 5, 7.5, 7], "texture": "#0"},
				"east": {"uv": [7, 7, 7.5, 9], "texture": "#0"},
				"south": {"uv": [7.5, 0, 8, 2], "texture": "#0"},
				"west": {"uv": [7.5, 4, 8, 6], "texture": "#0"},
				"up": {"uv": [8, 2.5, 7.5, 2], "texture": "#0"},
				"down": {"uv": [8, 2.5, 7.5, 3], "texture": "#0"}
			}
		},
		{
			"from": [5, 5, 7],
			"to": [12, 6, 8],
			"rotation": {"angle": 0, "axis": "y", "origin": [8.5, 5.5, 7.5]},
			"faces": {
				"north": {"uv": [6, 3, 9.5, 3.5], "texture": "#0"},
				"east": {"uv": [7, 4.5, 7.5, 5], "texture": "#0"},
				"south": {"uv": [6, 3.5, 9.5, 4], "texture": "#0"},
				"west": {"uv": [7, 4, 7.5, 4.5], "texture": "#0"},
				"up": {"uv": [6.5, 7.5, 6, 4], "rotation": 270, "texture": "#0"},
				"down": {"uv": [7, 4, 6.5, 7.5], "rotation": 90, "texture": "#0"}
			}
		},
		{
			"from": [8, 14, 8],
			"to": [14, 18, 8],
			"rotation": {"angle": 22.5, "axis": "z", "origin": [9, 18, 8]},
			"faces": {
				"north": {"uv": [3, 8.5, 0, 10.5], "texture": "#0"},
				"east": {"uv": [0, 0, 0, 2], "texture": "#0"},
				"south": {"uv": [11, 4, 8, 6], "texture": "#0"},
				"west": {"uv": [0, 0, 0, 2], "texture": "#0"},
				"up": {"uv": [0, 0, 0, 3], "rotation": 90, "texture": "#0"},
				"down": {"uv": [0, 3, 0, 0], "rotation": 270, "texture": "#0"}
			}
		}
	],
	"display": {
		"thirdperson_righthand": {
			"rotation": [0, -90, 0],
			"translation": [0, 3, 1]
		},
		"thirdperson_lefthand": {
			"rotation": [0, 90, 0],
			"translation": [0, 3, 1]
		},
		"firstperson_righthand": {
			"rotation": [0, -90, -25],
			"translation": [1.13, 3.2, 1.13],
			"scale": [0.56, 0.56, 0.56]
		},
		"firstperson_lefthand": {
			"rotation": [0, -90, -25],
			"translation": [1.13, 3.2, 1.13],
			"scale": [0.56, 0.56, 0.56]
		},
		"ground": {
			"rotation": [0, 0, 45],
			"translation": [0, 3, 0],
			"scale": [0.5, 0.5, 0.5]
		},
		"gui": {
			"rotation": [0, -25, -48],
			"translation": [-2, -1.25, 0],
			"scale": [0.8, 0.8, 0.8]
		},
		"fixed": {
			"rotation": [-180, 0, 135],
			"translation": [2.75, -2.25, 0]
		}
	}
}