{
	"credit": "Made with Blockbench",
	"texture_size": [2, 2],
	"textures": {
		"1": "nodenium:item/birthday_cake/balloons",
		"2": "nodenium:item/birthday_cake/cake",
		"3": "nodenium:item/birthday_cake/extras",
		"4": "nodenium:item/birthday_cake/confetti",
		"5": "nodenium:item/birthday_cake/fountain_candle_fire",
		"6": "nodenium:item/birthday_cake/fire",
		"particle": "nodenium:item/birthday_cake/extras"
	},
	"elements": [
		{
			"from": [0.5, 0, 0.5],
			"to": [15.5, 7, 15.5],
			"rotation": {"angle": 0, "axis": "y", "origin": [7.5, 0, 13.5]},
			"faces": {
				"north": {"uv": [3.75, 5.5, 7.5, 7.25], "texture": "#2"},
				"east": {"uv": [6.5, 0, 10.25, 1.75], "texture": "#2"},
				"south": {"uv": [6.5, 1.75, 10.25, 3.5], "texture": "#2"},
				"west": {"uv": [6.5, 3.5, 10.25, 5.25], "texture": "#2"},
				"up": {"uv": [3.75, 3.75, 0, 0], "texture": "#2"},
				"down": {"uv": [3.75, 3.75, 0, 7.5], "texture": "#2"}
			}
		},
		{
			"from": [2.5, 7, 2.5],
			"to": [13.5, 13, 13.5],
			"rotation": {"angle": 0, "axis": "y", "origin": [7.5, 7, 13.5]},
			"faces": {
				"north": {"uv": [3.75, 7.25, 6.5, 8.75], "texture": "#2"},
				"east": {"uv": [6.5, 7.25, 9.25, 8.75], "texture": "#2"},
				"south": {"uv": [0, 7.5, 2.75, 9], "texture": "#2"},
				"west": {"uv": [7.5, 5.25, 10.25, 6.75], "texture": "#2"},
				"up": {"uv": [6.5, 2.75, 3.75, 0], "texture": "#2"},
				"down": {"uv": [6.5, 2.75, 3.75, 5.5], "texture": "#2"}
			}
		},
		{
			"from": [4.5, 13, 4.5],
			"to": [11.5, 18, 11.5],
			"rotation": {"angle": 0, "axis": "y", "origin": [7.5, 13, 13.5]},
			"faces": {
				"north": {"uv": [6.25, 8.75, 8, 10], "texture": "#2"},
				"east": {"uv": [8, 8.75, 9.75, 10], "texture": "#2"},
				"south": {"uv": [0, 9, 1.75, 10.25], "texture": "#2"},
				"west": {"uv": [9.25, 6.75, 11, 8], "texture": "#2"},
				"up": {"uv": [4.5, 10.5, 2.75, 8.75], "texture": "#2"},
				"down": {"uv": [6.25, 8.75, 4.5, 10.5], "texture": "#2"}
			}
		},
		{
			"from": [-2.25, 6, 5.5],
			"to": [-1.25, 10, 6.5],
			"rotation": {"angle": 22.5, "axis": "z", "origin": [-1.75, 13, 6]},
			"faces": {
				"north": {"uv": [4, 5, 4.5, 7], "texture": "#3"},
				"east": {"uv": [4.5, 5, 5, 7], "texture": "#3"},
				"south": {"uv": [5, 5, 5.5, 7], "texture": "#3"},
				"west": {"uv": [5.5, 5, 6, 7], "texture": "#3"},
				"up": {"uv": [7, 7.5, 6.5, 7], "texture": "#3"},
				"down": {"uv": [7.5, 6.5, 7, 7], "texture": "#3"}
			}
		},
		{
			"from": [17.25, 6, 5.5],
			"to": [18.25, 10, 6.5],
			"rotation": {"angle": -22.5, "axis": "z", "origin": [17.75, 13, 6]},
			"faces": {
				"north": {"uv": [4.5, 5, 4, 7], "texture": "#3"},
				"east": {"uv": [6, 5, 5.5, 7], "texture": "#3"},
				"south": {"uv": [5.5, 5, 5, 7], "texture": "#3"},
				"west": {"uv": [5, 5, 4.5, 7], "texture": "#3"},
				"up": {"uv": [6.5, 7.5, 7, 7], "texture": "#3"},
				"down": {"uv": [7, 6.5, 7.5, 7], "texture": "#3"}
			}
		},
		{
			"from": [2, 14, 2.75],
			"to": [4, 16, 4.75],
			"rotation": {"angle": 22.5, "axis": "z", "origin": [3, 15, 3.75]},
			"faces": {
				"north": {"uv": [0, 6, 1, 7], "texture": "#3"},
				"east": {"uv": [6, 0, 7, 1], "texture": "#3"},
				"south": {"uv": [1, 6, 2, 7], "texture": "#3"},
				"west": {"uv": [6, 1, 7, 2], "texture": "#3"},
				"up": {"uv": [7, 3, 6, 2], "texture": "#3"},
				"down": {"uv": [7, 3, 6, 4], "texture": "#3"}
			}
		},
		{
			"from": [2.5, 12, 3.25],
			"to": [3.5, 14, 4.25],
			"rotation": {"angle": 22.5, "axis": "z", "origin": [3, 15, 3.75]},
			"faces": {
				"north": {"uv": [7, 3, 7.5, 4], "texture": "#3"},
				"east": {"uv": [3.5, 7, 4, 8], "texture": "#3"},
				"south": {"uv": [4, 7, 4.5, 8], "texture": "#3"},
				"west": {"uv": [7, 4, 7.5, 5], "texture": "#3"},
				"up": {"uv": [7.5, 7.5, 7, 7], "texture": "#3"},
				"down": {"uv": [8, 1, 7.5, 1.5], "texture": "#3"}
			}
		},
		{
			"from": [1.25, 16, 2],
			"to": [4.75, 18, 5.5],
			"rotation": {"angle": 22.5, "axis": "z", "origin": [3, 15, 3.75]},
			"faces": {
				"north": {"uv": [0, 4, 2, 5], "texture": "#3"},
				"east": {"uv": [4, 0, 6, 1], "texture": "#3"},
				"south": {"uv": [4, 1, 6, 2], "texture": "#3"},
				"west": {"uv": [2, 4, 4, 5], "texture": "#3"},
				"up": {"uv": [2, 2, 0, 0], "texture": "#3"},
				"down": {"uv": [2, 2, 0, 4], "texture": "#3"}
			}
		},
		{
			"from": [12.5, 12, 10.5],
			"to": [13.5, 14, 11.5],
			"rotation": {"angle": -22.5, "axis": "z", "origin": [13, 15, 11]},
			"faces": {
				"north": {"uv": [4.5, 7, 5, 8], "texture": "#3"},
				"east": {"uv": [5, 7, 5.5, 8], "texture": "#3"},
				"south": {"uv": [7, 5, 7.5, 6], "texture": "#3"},
				"west": {"uv": [5.5, 7, 6, 8], "texture": "#3"},
				"up": {"uv": [8, 2, 7.5, 1.5], "texture": "#3"},
				"down": {"uv": [8, 2, 7.5, 2.5], "texture": "#3"}
			}
		},
		{
			"from": [12, 14, 10],
			"to": [14, 16, 12],
			"rotation": {"angle": -22.5, "axis": "z", "origin": [13, 15, 11]},
			"faces": {
				"north": {"uv": [6, 4, 7, 5], "texture": "#3"},
				"east": {"uv": [6, 5, 7, 6], "texture": "#3"},
				"south": {"uv": [6, 6, 7, 7], "texture": "#3"},
				"west": {"uv": [0, 7, 1, 8], "texture": "#3"},
				"up": {"uv": [8, 1, 7, 0], "texture": "#3"},
				"down": {"uv": [2, 7, 1, 8], "texture": "#3"}
			}
		},
		{
			"from": [11.25, 16, 9.25],
			"to": [14.75, 18, 12.75],
			"rotation": {"angle": -22.5, "axis": "z", "origin": [13, 15, 11]},
			"faces": {
				"north": {"uv": [4, 2, 6, 3], "texture": "#3"},
				"east": {"uv": [4, 3, 6, 4], "texture": "#3"},
				"south": {"uv": [4, 4, 6, 5], "texture": "#3"},
				"west": {"uv": [0, 5, 2, 6], "texture": "#3"},
				"up": {"uv": [4, 2, 2, 0], "texture": "#3"},
				"down": {"uv": [4, 2, 2, 4], "texture": "#3"}
			}
		},
		{
			"from": [7.5, 18, 7.5],
			"to": [8.5, 22, 8.5],
			"rotation": {"angle": 0, "axis": "y", "origin": [10.5, 18, 10.5]},
			"faces": {
				"north": {"uv": [7, 1, 7.5, 3], "texture": "#3"},
				"east": {"uv": [2, 7, 2.5, 9], "texture": "#3"},
				"south": {"uv": [2.5, 7, 3, 9], "texture": "#3"},
				"west": {"uv": [3, 7, 3.5, 9], "texture": "#3"},
				"up": {"uv": [8, 3, 7.5, 2.5], "texture": "#3"},
				"down": {"uv": [8, 3, 7.5, 3.5], "texture": "#3"}
			}
		},
		{
			"from": [7.73536, 22, 7.96464],
			"to": [8.23536, 22.5, 7.96464],
			"rotation": {"angle": 45, "axis": "y", "origin": [8.03536, 22.5, 7.96464]},
			"faces": {
				"north": {"uv": [8, 0, 8.5, 0.5], "texture": "#3"},
				"east": {"uv": [2, 7, 2.5, 9], "texture": "#3"},
				"south": {"uv": [8, 0, 8.5, 0.5], "texture": "#3"},
				"west": {"uv": [3, 7, 3.5, 9], "texture": "#3"},
				"up": {"uv": [8, 3, 7.5, 2.5], "texture": "#3"},
				"down": {"uv": [8, 3, 7.5, 3.5], "texture": "#3"}
			}
		},
		{
			"from": [7.75, 22, 8],
			"to": [8.25, 22.5, 8],
			"rotation": {"angle": -45, "axis": "y", "origin": [8, 22.25, 8]},
			"faces": {
				"north": {"uv": [8, 0, 8.5, 0.5], "texture": "#3"},
				"east": {"uv": [2, 7, 2.5, 9], "texture": "#3"},
				"south": {"uv": [8, 0, 8.5, 0.5], "texture": "#3"},
				"west": {"uv": [3, 7, 3.5, 9], "texture": "#3"},
				"up": {"uv": [8, 3, 7.5, 2.5], "texture": "#3"},
				"down": {"uv": [8, 3, 7.5, 3.5], "texture": "#3"}
			}
		},
		{
			"from": [-6, 19, 3.75],
			"to": [9, 32, 3.75],
			"rotation": {"angle": 22.5, "axis": "z", "origin": [2.25, 16, 4]},
			"faces": {
				"north": {"uv": [15, 0, 0, 13], "texture": "#4"},
				"east": {"uv": [0, 0, 0, 13], "texture": "#4"},
				"south": {"uv": [0, 0, 16, 14], "texture": "#4"},
				"west": {"uv": [0, 0, 0, 13], "texture": "#4"},
				"up": {"uv": [8, 0, 0, 0], "texture": "#4"},
				"down": {"uv": [8, 0, 0, 0], "texture": "#4"}
			}
		},
		{
			"from": [7, 19, 11.25],
			"to": [22, 32, 11.25],
			"rotation": {"angle": -22.5, "axis": "z", "origin": [13.75, 16, 11.5]},
			"faces": {
				"north": {"uv": [0, 0, 15, 13], "texture": "#4"},
				"east": {"uv": [0, 0, 0, 13], "texture": "#4"},
				"south": {"uv": [16, 0, 0, 14], "texture": "#4"},
				"west": {"uv": [0, 0, 0, 13], "texture": "#4"},
				"up": {"uv": [0, 0, 8, 0], "texture": "#4"},
				"down": {"uv": [0, 0, 8, 0], "texture": "#4"}
			}
		},
		{
			"from": [-3.25, 10, 6],
			"to": [-0.25, 26, 6],
			"rotation": {"angle": 22.5, "axis": "z", "origin": [-1.75, 13, 6]},
			"faces": {
				"north": {"uv": [0, 0, 3, 16], "texture": "#5"},
				"east": {"uv": [0, 0, 0, 8.5], "texture": "#5"},
				"south": {"uv": [0, 0, 3, 16], "texture": "#5"},
				"west": {"uv": [0, 0, 0, 8.5], "texture": "#5"},
				"up": {"uv": [1.5, 0, 0, 0], "texture": "#5"},
				"down": {"uv": [1.5, 0, 0, 0], "texture": "#5"}
			}
		},
		{
			"from": [-1.75, 10, 4.5],
			"to": [-1.75, 26, 7.5],
			"rotation": {"angle": 22.5, "axis": "z", "origin": [-1.75, 13, 6]},
			"faces": {
				"north": {"uv": [0, 0, 0, 8.5], "texture": "#5"},
				"east": {"uv": [0, 0, 3, 16], "texture": "#5"},
				"south": {"uv": [0, 0, 0, 8.5], "texture": "#5"},
				"west": {"uv": [0, 0, 3, 16], "texture": "#5"},
				"up": {"uv": [1.5, 0, 0, 0], "rotation": 270, "texture": "#5"},
				"down": {"uv": [1.5, 0, 0, 0], "rotation": 90, "texture": "#5"}
			}
		},
		{
			"from": [16.25, 10, 6],
			"to": [19.25, 26, 6],
			"rotation": {"angle": -22.5, "axis": "z", "origin": [17.75, 13, 6]},
			"faces": {
				"north": {"uv": [3, 0, 0, 16], "texture": "#5"},
				"east": {"uv": [0, 0, 0, 8.5], "texture": "#5"},
				"south": {"uv": [3, 0, 0, 16], "texture": "#5"},
				"west": {"uv": [0, 0, 0, 8.5], "texture": "#5"},
				"up": {"uv": [0, 0, 1.5, 0], "texture": "#5"},
				"down": {"uv": [0, 0, 1.5, 0], "texture": "#5"}
			}
		},
		{
			"from": [17.75, 10, 4.5],
			"to": [17.75, 26, 7.5],
			"rotation": {"angle": -22.5, "axis": "z", "origin": [17.75, 13, 6]},
			"faces": {
				"north": {"uv": [0, 0, 0, 8.5], "texture": "#5"},
				"east": {"uv": [3, 0, 0, 16], "texture": "#5"},
				"south": {"uv": [0, 0, 0, 8.5], "texture": "#5"},
				"west": {"uv": [3, 0, 0, 16], "texture": "#5"},
				"up": {"uv": [1.5, 0, 0, 0], "rotation": 270, "texture": "#5"},
				"down": {"uv": [1.5, 0, 0, 0], "rotation": 90, "texture": "#5"}
			}
		},
		{
			"from": [7.5, 22.25, 8],
			"to": [8.5, 24.25, 8],
			"rotation": {"angle": 0, "axis": "y", "origin": [10.5, 20.25, 10]},
			"faces": {
				"north": {"uv": [0, 0, 8, 16], "texture": "#6"},
				"east": {"uv": [0, 0, 0, 16], "texture": "#6"},
				"south": {"uv": [0, 0, 8, 16], "texture": "#6"},
				"west": {"uv": [0, 0, 0, 16], "texture": "#6"},
				"up": {"uv": [8, 0, 0, 0], "texture": "#6"},
				"down": {"uv": [8, 0, 0, 0], "texture": "#6"}
			}
		},
		{
			"from": [-2.5, 23, 6],
			"to": [4.5, 30, 13],
			"rotation": {"angle": 0, "axis": "y", "origin": [0.5, 25, 15]},
			"faces": {
				"north": {"uv": [0, 0, 1.75, 1.75], "texture": "#1"},
				"east": {"uv": [0, 1.75, 1.75, 3.5], "texture": "#1"},
				"south": {"uv": [1.75, 0, 3.5, 1.75], "texture": "#1"},
				"west": {"uv": [1.75, 1.75, 3.5, 3.5], "texture": "#1"},
				"up": {"uv": [1.75, 5.25, 0, 3.5], "texture": "#1"},
				"down": {"uv": [5.25, 0, 3.5, 1.75], "texture": "#1"}
			}
		},
		{
			"from": [-1.5, 22, 7],
			"to": [3.5, 23, 12],
			"rotation": {"angle": 0, "axis": "y", "origin": [0.5, 18, 15]},
			"faces": {
				"north": {"uv": [5, 3.25, 6.25, 3.5], "texture": "#1"},
				"east": {"uv": [5.25, 1.5, 6.5, 1.75], "texture": "#1"},
				"south": {"uv": [6.5, 2.5, 7.75, 2.75], "texture": "#1"},
				"west": {"uv": [6.5, 2.75, 7.75, 3], "texture": "#1"},
				"up": {"uv": [7.75, 1.25, 6.5, 0], "texture": "#1"},
				"down": {"uv": [7.75, 1.25, 6.5, 2.5], "texture": "#1"}
			}
		},
		{
			"from": [0.5, 7, 9.5],
			"to": [1.5, 22, 9.5],
			"rotation": {"angle": 45, "axis": "y", "origin": [1, 15.5, 9.5]},
			"faces": {
				"north": {"uv": [6, 6.5, 6.25, 10.5], "texture": "#1"},
				"east": {"uv": [0, 0, 0, 4], "texture": "#1"},
				"south": {"uv": [6.25, 6.5, 6.5, 10.5], "texture": "#1"},
				"west": {"uv": [0, 0, 0, 4], "texture": "#1"},
				"up": {"uv": [0.25, 0, 0, 0], "texture": "#1"},
				"down": {"uv": [0.25, 0, 0, 0], "texture": "#1"}
			}
		},
		{
			"from": [1, 7, 9],
			"to": [1, 22, 10],
			"rotation": {"angle": 45, "axis": "y", "origin": [1, 15.5, 9.5]},
			"faces": {
				"north": {"uv": [0, 0, 0, 4], "texture": "#1"},
				"east": {"uv": [0, 6.75, 0.25, 10.75], "texture": "#1"},
				"south": {"uv": [0, 0, 0, 4], "texture": "#1"},
				"west": {"uv": [0.25, 6.75, 0.5, 10.75], "texture": "#1"},
				"up": {"uv": [0, 0.25, 0, 0], "texture": "#1"},
				"down": {"uv": [0, 0, 0, 0.25], "texture": "#1"}
			}
		},
		{
			"from": [5.5, 25, 12],
			"to": [10.5, 31, 17],
			"rotation": {"angle": 0, "axis": "y", "origin": [7.5, 21, 20]},
			"faces": {
				"north": {"uv": [5.25, 0, 6.5, 1.5], "texture": "#1"},
				"east": {"uv": [1.5, 5.25, 2.75, 6.75], "texture": "#1"},
				"south": {"uv": [2.75, 5.25, 4, 6.75], "texture": "#1"},
				"west": {"uv": [4, 5.25, 5.25, 6.75], "texture": "#1"},
				"up": {"uv": [6.5, 6.5, 5.25, 5.25], "texture": "#1"},
				"down": {"uv": [7.5, 3.25, 6.25, 4.5], "texture": "#1"}
			}
		},
		{
			"from": [14.5, 7, 8.5],
			"to": [15.5, 22, 8.5],
			"rotation": {"angle": 45, "axis": "y", "origin": [15, 15.5, 8.5]},
			"faces": {
				"north": {"uv": [0.5, 6.75, 0.75, 10.5], "texture": "#1"},
				"east": {"uv": [0, 0, 0, 3.75], "texture": "#1"},
				"south": {"uv": [0.75, 6.75, 1, 10.5], "texture": "#1"},
				"west": {"uv": [0, 0, 0, 3.75], "texture": "#1"},
				"up": {"uv": [0.25, 0, 0, 0], "texture": "#1"},
				"down": {"uv": [0.25, 0, 0, 0], "texture": "#1"}
			}
		},
		{
			"from": [15, 7, 8],
			"to": [15, 22, 9],
			"rotation": {"angle": 45, "axis": "y", "origin": [15, 15.5, 8.5]},
			"faces": {
				"north": {"uv": [0, 0, 0, 3.75], "texture": "#1"},
				"east": {"uv": [1, 6.75, 1.25, 10.5], "texture": "#1"},
				"south": {"uv": [0, 0, 0, 3.75], "texture": "#1"},
				"west": {"uv": [1.25, 6.75, 1.5, 10.5], "texture": "#1"},
				"up": {"uv": [0, 0.25, 0, 0], "texture": "#1"},
				"down": {"uv": [0, 0, 0, 0.25], "texture": "#1"}
			}
		},
		{
			"from": [12, 22, 5.5],
			"to": [18, 29, 11.5],
			"rotation": {"angle": 0, "axis": "y", "origin": [14, 19, 14.5]},
			"faces": {
				"north": {"uv": [1.75, 3.5, 3.25, 5.25], "texture": "#1"},
				"east": {"uv": [3.5, 1.75, 5, 3.5], "texture": "#1"},
				"south": {"uv": [3.25, 3.5, 4.75, 5.25], "texture": "#1"},
				"west": {"uv": [4.75, 3.5, 6.25, 5.25], "texture": "#1"},
				"up": {"uv": [6.5, 3.25, 5, 1.75], "texture": "#1"},
				"down": {"uv": [1.5, 5.25, 0, 6.75], "texture": "#1"}
			}
		},
		{
			"from": [7.5, 7, 14.5],
			"to": [8.5, 25, 14.5],
			"rotation": {"angle": 45, "axis": "y", "origin": [8, 15.5, 14.5]},
			"faces": {
				"north": {"uv": [6.5, 4.5, 6.75, 9], "texture": "#1"},
				"east": {"uv": [0, 0, 0, 4.5], "texture": "#1"},
				"south": {"uv": [5.25, 6.5, 5.5, 11], "texture": "#1"},
				"west": {"uv": [0, 0, 0, 4.5], "texture": "#1"},
				"up": {"uv": [0.25, 0, 0, 0], "texture": "#1"},
				"down": {"uv": [0.25, 0, 0, 0], "texture": "#1"}
			}
		},
		{
			"from": [8, 7, 14],
			"to": [8, 25, 15],
			"rotation": {"angle": 45, "axis": "y", "origin": [8, 15.5, 14.5]},
			"faces": {
				"north": {"uv": [0, 0, 0, 4.5], "texture": "#1"},
				"east": {"uv": [5.5, 6.5, 5.75, 11], "texture": "#1"},
				"south": {"uv": [0, 0, 0, 4.5], "texture": "#1"},
				"west": {"uv": [5.75, 6.5, 6, 11], "texture": "#1"},
				"up": {"uv": [0, 0.25, 0, 0], "texture": "#1"},
				"down": {"uv": [0, 0, 0, 0.25], "texture": "#1"}
			}
		}
	],
	"display": {
		"thirdperson_righthand": {
			"rotation": [75, 45, 0],
			"translation": [0, 2.5, 0],
			"scale": [0.375, 0.375, 0.375]
		},
		"thirdperson_lefthand": {
			"rotation": [75, 45, 0],
			"translation": [0, 2.5, 0],
			"scale": [0.375, 0.375, 0.375]
		},
		"firstperson_righthand": {
			"rotation": [0, 45, 0],
			"scale": [0.4, 0.4, 0.4]
		},
		"firstperson_lefthand": {
			"rotation": [0, 225, 0],
			"scale": [0.4, 0.4, 0.4]
		},
		"ground": {
			"translation": [0, 4.25, 0],
			"scale": [0.7, 0.7, 0.7]
		},
		"gui": {
			"rotation": [30, 225, 0],
			"translation": [0, -2.5, 0],
			"scale": [0.435, 0.435, 0.435]
		},
		"head": {
			"translation": [0, 19.5, 0],
			"scale": [1.7, 1.7, 1.7]
		},
		"fixed": {
			"rotation": [-90, 0, 0],
			"translation": [0, 0, -8]
		}
	},
	"groups": [
		{
			"name": "cake",
			"origin": [7.5, 13, 13.5],
			"color": 0,
			"children": [0, 1, 2]
		},
		{
			"name": "extras",
			"origin": [10.5, 20, 10],
			"color": 0,
			"children": [3, 4, 5, 6, 7, 8, 9, 10, 11, 12, 13]
		},
		{
			"name": "animated",
			"origin": [10.5, 20, 10],
			"color": 0,
			"children": [14, 15, 16, 17, 18, 19, 20]
		},
		{
			"name": "popper",
			"origin": [13, 15, 11],
			"color": 0,
			"children": []
		},
		{
			"name": "popper",
			"origin": [-5, 22, 11],
			"color": 0,
			"children": []
		},
		{
			"name": "balloon",
			"origin": [1, 15.5, 8.5],
			"color": 0,
			"children": [21, 22, 23, 24]
		},
		{
			"name": "balloon",
			"origin": [1, 15.5, 8.5],
			"color": 0,
			"children": [25, 26, 27]
		},
		{
			"name": "balloon",
			"origin": [1, 15.5, 8.5],
			"color": 0,
			"children": [28, 29, 30]
		}
	]
}