{
	"format_version": "1.21.6",
	"credit": "Made with Blockbench",
	"textures": {
		"3": "nodenium:item/candy_corn",
		"particle": "nodenium:item/candy_corn"
	},
	"elements": [
		{
			"from": [6, 3, 6],
			"to": [10, 5, 10],
			"rotation": {"angle": 0, "axis": "y", "origin": [5.75, 2, 5.75]},
			"faces": {
				"north": {"uv": [4, 6, 8, 8], "texture": "#3"},
				"east": {"uv": [7, 0, 11, 2], "texture": "#3"},
				"south": {"uv": [7, 2, 11, 4], "texture": "#3"},
				"west": {"uv": [7, 4, 11, 6], "texture": "#3"},
				"up": {"uv": [4, 4, 0, 0], "texture": "#3"},
				"down": {"uv": [4, 4, 0, 8], "texture": "#3"}
			}
		},
		{
			"from": [6.5, 5, 6.5],
			"to": [9.5, 7, 9.5],
			"rotation": {"angle": 0, "axis": "y", "origin": [4.75, 4, 6.75]},
			"faces": {
				"north": {"uv": [0, 8, 3, 10], "texture": "#3"},
				"east": {"uv": [3, 8, 6, 10], "texture": "#3"},
				"south": {"uv": [6, 8, 9, 10], "texture": "#3"},
				"west": {"uv": [8, 6, 11, 8], "texture": "#3"},
				"up": {"uv": [7, 3, 4, 0], "texture": "#3"},
				"down": {"uv": [7, 3, 4, 6], "texture": "#3"}
			}
		},
		{
			"from": [7, 7, 7],
			"to": [9, 9, 9],
			"rotation": {"angle": 0, "axis": "y", "origin": [4.75, 7, 6.75]},
			"faces": {
				"north": {"uv": [9, 8, 11, 10], "texture": "#3"},
				"east": {"uv": [0, 10, 2, 12], "texture": "#3"},
				"south": {"uv": [2, 10, 4, 12], "texture": "#3"},
				"west": {"uv": [4, 10, 6, 12], "texture": "#3"},
				"up": {"uv": [8, 12, 6, 10], "texture": "#3"},
				"down": {"uv": [10, 10, 8, 12], "texture": "#3"}
			}
		}
	],
	"display": {
		"thirdperson_righthand": {
			"rotation": [75, 45, 0],
			"translation": [0, 2.5, 0],
			"scale": [0.375, 0.375, 0.375]
		},
		"thirdperson_lefthand": {
			"rotation": [75, 45, 0],
			"translation": [0, 2.5, 0],
			"scale": [0.375, 0.375, 0.375]
		},
		"firstperson_righthand": {
			"rotation": [0, -135, 0],
			"translation": [1.5, 3.25, 1.25],
			"scale": [0.4, 0.4, 0.4]
		},
		"firstperson_lefthand": {
			"rotation": [0, -135, 0],
			"translation": [1.5, 3.25, 1.25],
			"scale": [0.4, 0.4, 0.4]
		},
		"ground": {
			"translation": [0, 3, 0],
			"scale": [0.5, 0.5, 0.5]
		},
		"gui": {
			"rotation": [30, -135, 0]
		}
	}
}