{
	"credit": "Made with Blockbench",
	"textures": {
		"1": "nodenium:item/trophy",
		"2": "nodenium:item/easter_eggs",
		"4": "nodenium:item/easter_bunny",
		"particle": "nodenium:item/trophy"
	},
	"elements": [
		{
			"from": [4.5, 7, 4.5],
			"to": [11.5, 9, 11.5],
			"rotation": {"angle": 0, "axis": "y", "origin": [8, 13, 8]},
			"faces": {
				"north": {"uv": [5.75, 5.75, 7.5, 6.25], "texture": "#1"},
				"east": {"uv": [0, 6, 1.75, 6.5], "texture": "#1"},
				"south": {"uv": [6, 2.25, 7.75, 2.75], "texture": "#1"},
				"west": {"uv": [6, 2.75, 7.75, 3.25], "texture": "#1"},
				"up": {"uv": [1.75, 1.75, 0, 0], "texture": "#1"},
				"down": {"uv": [1.75, 1.75, 0, 3.5], "texture": "#1"}
			}
		},
		{
			"from": [5.5, 6, 5.5],
			"to": [10.5, 7, 10.5],
			"rotation": {"angle": 0, "axis": "y", "origin": [7, 12, 9]},
			"faces": {
				"north": {"uv": [0, 6.5, 1.25, 6.75], "texture": "#1"},
				"east": {"uv": [6.5, 6.25, 7.75, 6.5], "texture": "#1"},
				"south": {"uv": [6.5, 6.5, 7.75, 6.75], "texture": "#1"},
				"west": {"uv": [0, 6.75, 1.25, 7], "texture": "#1"},
				"up": {"uv": [4.75, 3.75, 3.5, 2.5], "texture": "#1"},
				"down": {"uv": [4.75, 3.75, 3.5, 5], "texture": "#1"}
			}
		},
		{
			"from": [4.5, 0, 4.5],
			"to": [11.5, 3, 11.5],
			"rotation": {"angle": 0, "axis": "y", "origin": [7, 12, 9]},
			"faces": {
				"north": {"uv": [5, 5, 6.75, 5.75], "texture": "#1"},
				"east": {"uv": [5.25, 0, 7, 0.75], "texture": "#1"},
				"south": {"uv": [5.25, 0.75, 7, 1.5], "texture": "#1"},
				"west": {"uv": [5.25, 1.5, 7, 2.25], "texture": "#1"},
				"up": {"uv": [3.5, 1.75, 1.75, 0], "texture": "#1"},
				"down": {"uv": [3.5, 1.75, 1.75, 3.5], "texture": "#1"}
			}
		},
		{
			"from": [5.5, 3, 5.5],
			"to": [10.5, 4, 10.5],
			"rotation": {"angle": 0, "axis": "y", "origin": [8, 12, 10]},
			"faces": {
				"north": {"uv": [1.25, 6.75, 2.5, 7], "texture": "#1"},
				"east": {"uv": [2.5, 6.75, 3.75, 7], "texture": "#1"},
				"south": {"uv": [6.75, 3.25, 8, 3.5], "texture": "#1"},
				"west": {"uv": [6.75, 3.5, 8, 3.75], "texture": "#1"},
				"up": {"uv": [1.25, 6, 0, 4.75], "texture": "#1"},
				"down": {"uv": [2.5, 4.75, 1.25, 6], "texture": "#1"}
			}
		},
		{
			"from": [4.5, 9, 4.5],
			"to": [11.5, 14, 5.5],
			"rotation": {"angle": 0, "axis": "y", "origin": [8, 11, 9]},
			"faces": {
				"north": {"uv": [0, 3.5, 1.75, 4.75], "texture": "#1"},
				"east": {"uv": [4.75, 6.25, 5, 7.5], "texture": "#1"},
				"south": {"uv": [3.5, 0, 5.25, 1.25], "texture": "#1"},
				"west": {"uv": [3.75, 6.75, 4, 8], "texture": "#1"},
				"up": {"uv": [7.75, 4.25, 6, 4], "texture": "#1"},
				"down": {"uv": [7.75, 4.25, 6, 4.5], "texture": "#1"}
			}
		},
		{
			"from": [4.5, 9, 10.5],
			"to": [11.5, 14, 11.5],
			"rotation": {"angle": 0, "axis": "y", "origin": [8, 11, 7]},
			"faces": {
				"north": {"uv": [3.5, 1.25, 5.25, 2.5], "texture": "#1"},
				"east": {"uv": [4, 6.75, 4.25, 8], "texture": "#1"},
				"south": {"uv": [1.75, 3.5, 3.5, 4.75], "texture": "#1"},
				"west": {"uv": [4.25, 6.75, 4.5, 8], "texture": "#1"},
				"up": {"uv": [7.75, 4.75, 6, 4.5], "texture": "#1"},
				"down": {"uv": [7.75, 4.75, 6, 5], "texture": "#1"}
			}
		},
		{
			"from": [10.5, 9, 5.5],
			"to": [11.5, 14, 10.5],
			"rotation": {"angle": 0, "axis": "y", "origin": [7, 11, 8]},
			"faces": {
				"north": {"uv": [4.5, 6.75, 4.75, 8], "texture": "#1"},
				"east": {"uv": [4.75, 2.5, 6, 3.75], "texture": "#1"},
				"south": {"uv": [5.75, 6.75, 6, 8], "texture": "#1"},
				"west": {"uv": [4.75, 3.75, 6, 5], "texture": "#1"},
				"up": {"uv": [6.25, 8, 6, 6.75], "texture": "#1"},
				"down": {"uv": [6.5, 6.75, 6.25, 8], "texture": "#1"}
			}
		},
		{
			"from": [4.5, 9, 5.5],
			"to": [5.5, 14, 10.5],
			"rotation": {"angle": 0, "axis": "y", "origin": [9, 11, 8]},
			"faces": {
				"north": {"uv": [6.5, 6.75, 6.75, 8], "texture": "#1"},
				"east": {"uv": [2.5, 5, 3.75, 6.25], "texture": "#1"},
				"south": {"uv": [6.75, 6.75, 7, 8], "texture": "#1"},
				"west": {"uv": [3.75, 5, 5, 6.25], "texture": "#1"},
				"up": {"uv": [0.25, 8.25, 0, 7], "texture": "#1"},
				"down": {"uv": [7.25, 0, 7, 1.25], "texture": "#1"}
			}
		},
		{
			"from": [6.5, 4, 6.5],
			"to": [9.5, 6, 9.5],
			"rotation": {"angle": 0, "axis": "y", "origin": [-2.5, 7, 6.5]},
			"faces": {
				"north": {"uv": [2.5, 6.25, 3.25, 6.75], "texture": "#1"},
				"east": {"uv": [3.25, 6.25, 4, 6.75], "texture": "#1"},
				"south": {"uv": [4, 6.25, 4.75, 6.75], "texture": "#1"},
				"west": {"uv": [5.75, 6.25, 6.5, 6.75], "texture": "#1"},
				"up": {"uv": [2.5, 6.75, 1.75, 6], "texture": "#1"},
				"down": {"uv": [6.75, 3.25, 6, 4], "texture": "#1"}
			}
		},
		{
			"from": [1.5, 7, 8],
			"to": [4.5, 14, 8],
			"rotation": {"angle": 0, "axis": "y", "origin": [2.5, 7, 8]},
			"faces": {
				"north": {"uv": [5, 5.75, 5.75, 7.5], "texture": "#1"},
				"south": {"uv": [5.75, 5.75, 5, 7.5], "texture": "#1"}
			}
		},
		{
			"from": [11.5, 7, 8],
			"to": [14.5, 14, 8],
			"rotation": {"angle": 0, "axis": "y", "origin": [12.5, 7, 8]},
			"faces": {
				"north": {"uv": [5.75, 5.75, 5, 7.5], "texture": "#1"},
				"south": {"uv": [5, 5.75, 5.75, 7.5], "texture": "#1"}
			}
		},
		{
			"from": [3, 0, 2],
			"to": [6, 2, 4],
			"rotation": {"angle": 0, "axis": "z", "origin": [3, 2, 2]},
			"faces": {
				"north": {"uv": [0, 0, 3, 2], "texture": "#2"},
				"east": {"uv": [8, 7, 10, 9], "texture": "#2"},
				"south": {"uv": [0, 2, 3, 4], "texture": "#2"},
				"west": {"uv": [6, 9, 8, 11], "texture": "#2"},
				"up": {"uv": [6, 2, 3, 0], "texture": "#2"},
				"down": {"uv": [6, 2, 3, 4], "texture": "#2"}
			}
		},
		{
			"from": [1.5, 0.75, 6],
			"to": [3.5, 3.75, 8],
			"rotation": {"angle": -22.5, "axis": "z", "origin": [1.5, 0.75, 6]},
			"faces": {
				"north": {"uv": [0, 4, 2, 7], "texture": "#2"},
				"east": {"uv": [2, 4, 4, 7], "texture": "#2"},
				"south": {"uv": [4, 4, 6, 7], "texture": "#2"},
				"west": {"uv": [6, 0, 8, 3], "texture": "#2"},
				"up": {"uv": [10, 11, 8, 9], "texture": "#2"},
				"down": {"uv": [2, 10, 0, 12], "texture": "#2"}
			}
		},
		{
			"from": [12, 0, 9],
			"to": [14, 3, 11],
			"rotation": {"angle": 22.5, "axis": "z", "origin": [12, 0, 9]},
			"faces": {
				"north": {"uv": [6, 3, 8, 6], "texture": "#2"},
				"east": {"uv": [6, 6, 8, 9], "texture": "#2"},
				"south": {"uv": [0, 7, 2, 10], "texture": "#2"},
				"west": {"uv": [2, 7, 4, 10], "texture": "#2"},
				"up": {"uv": [4, 12, 2, 10], "texture": "#2"},
				"down": {"uv": [6, 10, 4, 12], "texture": "#2"}
			}
		},
		{
			"from": [8, 0, 12],
			"to": [10, 2, 15],
			"rotation": {"angle": 45, "axis": "y", "origin": [10, 2, 12]},
			"faces": {
				"north": {"uv": [10, 4, 12, 6], "texture": "#2"},
				"east": {"uv": [8, 0, 11, 2], "texture": "#2"},
				"south": {"uv": [10, 6, 12, 8], "texture": "#2"},
				"west": {"uv": [8, 2, 11, 4], "texture": "#2"},
				"up": {"uv": [6, 10, 4, 7], "texture": "#2"},
				"down": {"uv": [10, 4, 8, 7], "texture": "#2"}
			}
		},
		{
			"from": [5.5, 13, 5.5],
			"to": [10.5, 17, 10.5],
			"rotation": {"angle": 0, "axis": "y", "origin": [7.5, 13, 8.5]},
			"faces": {
				"north": {"uv": [5, 0, 10, 4], "texture": "#4"},
				"east": {"uv": [5, 4, 10, 8], "texture": "#4"},
				"south": {"uv": [5, 8, 10, 12], "texture": "#4"},
				"west": {"uv": [0, 10, 5, 14], "texture": "#4"},
				"up": {"uv": [5, 5, 0, 0], "texture": "#4"},
				"down": {"uv": [5, 5, 0, 10], "texture": "#4"}
			}
		},
		{
			"from": [8.5, 17, 8.5],
			"to": [10.5, 21, 9.5],
			"rotation": {"angle": 0, "axis": "y", "origin": [7.5, 17, 9.5]},
			"faces": {
				"north": {"uv": [10, 0, 12, 4], "texture": "#4"},
				"east": {"uv": [12, 4, 13, 8], "texture": "#4"},
				"south": {"uv": [10, 4, 12, 8], "texture": "#4"},
				"west": {"uv": [5, 12, 6, 16], "texture": "#4"},
				"up": {"uv": [10, 13, 8, 12], "texture": "#4"},
				"down": {"uv": [14, 8, 12, 9], "texture": "#4"}
			}
		},
		{
			"from": [5.79289, 15.79289, 8.5],
			"to": [7.79289, 19.79289, 9.5],
			"rotation": {"angle": 22.5, "axis": "z", "origin": [4.79289, 15.79289, 9.5]},
			"faces": {
				"north": {"uv": [10, 8, 12, 12], "texture": "#4"},
				"east": {"uv": [6, 12, 7, 16], "texture": "#4"},
				"south": {"uv": [12, 0, 14, 4], "texture": "#4"},
				"west": {"uv": [7, 12, 8, 16], "texture": "#4"},
				"up": {"uv": [14, 10, 12, 9], "texture": "#4"},
				"down": {"uv": [12, 12, 10, 13], "texture": "#4"}
			}
		},
		{
			"from": [7.5, 15, 4.5],
			"to": [8.5, 16, 5.5],
			"rotation": {"angle": 0, "axis": "y", "origin": [7, 14, 7.5]},
			"faces": {
				"north": {"uv": [12, 10, 13, 11], "texture": "#4"},
				"east": {"uv": [12, 11, 13, 12], "texture": "#4"},
				"south": {"uv": [12, 12, 13, 13], "texture": "#4"},
				"west": {"uv": [13, 4, 14, 5], "texture": "#4"},
				"up": {"uv": [14, 6, 13, 5], "texture": "#4"},
				"down": {"uv": [14, 6, 13, 7], "texture": "#4"}
			}
		}
	],
	"display": {
		"thirdperson_righthand": {
			"rotation": [50, 0, 0],
			"translation": [0, -0.5, 1],
			"scale": [0.7, 0.7, 0.7]
		},
		"thirdperson_lefthand": {
			"rotation": [50, 0, 0],
			"translation": [0, -0.5, 1],
			"scale": [0.7, 0.7, 0.7]
		},
		"firstperson_righthand": {
			"rotation": [0, 140, 0],
			"translation": [0, 2, 0],
			"scale": [0.4, 0.4, 0.4]
		},
		"firstperson_lefthand": {
			"rotation": [0, 140, 0],
			"translation": [0, 2, 0],
			"scale": [0.4, 0.4, 0.4]
		},
		"ground": {
			"translation": [0, 4, 0],
			"scale": [0.8, 0.8, 0.8]
		},
		"gui": {
			"rotation": [30, 225, 0],
			"translation": [0, -1, 0],
			"scale": [0.625, 0.625, 0.625]
		},
		"head": {
			"translation": [0, 14, 0]
		},
		"fixed": {
			"rotation": [-90, 0, 0],
			"translation": [0, 0, -16],
			"scale": [2, 2, 2]
		}
	},
	"groups": [
		{
			"name": "trophy",
			"origin": [8, 5, 8],
			"color": 0,
			"children": [0, 1, 2, 3, 4, 5, 6, 7, 8, 9, 10]
		},
		{
			"name": "eggs",
			"origin": [11, 2, 12],
			"color": 0,
			"children": [11, 12, 13, 14]
		},
		{
			"name": "bunny",
			"origin": [7, 14, 7.5],
			"color": 0,
			"children": [15, 16, 17, 18]
		}
	]
}