{
	"format_version": "1.21.6",
	"credit": "Made with Blockbench",
	"parent": "fae_tiara",
	"textures": {
		"0": "nodenium:item/fae_tiara",
		"particle": "nodenium:item/fae_tiara"
	},
	"elements": [
		{
			"from": [7, 5, 3],
			"to": [9, 7, 4],
			"rotation": {"angle": 0, "axis": "y", "origin": [8, 7.25, 8]},
			"faces": {
				"north": {"uv": [0, 2, 2, 4], "texture": "#0"},
				"east": {"uv": [0, 6, 1, 8], "texture": "#0"},
				"south": {"uv": [0, 0, 2, 2], "texture": "#0"},
				"west": {"uv": [1, 6, 2, 8], "texture": "#0"},
				"up": {"uv": [3, 8, 2, 6], "rotation": 90, "texture": "#0"},
				"down": {"uv": [4, 6, 3, 8], "rotation": 270, "texture": "#0"}
			}
		},
		{
			"from": [9, 6, 3],
			"to": [10, 7, 4],
			"rotation": {"angle": 0, "axis": "y", "origin": [8, 7.25, 8]},
			"faces": {
				"north": {"uv": [9, 8, 10, 9], "texture": "#0"},
				"east": {"uv": [7, 9, 8, 10], "texture": "#0"},
				"south": {"uv": [9, 7, 10, 8], "texture": "#0"},
				"west": {"uv": [8, 9, 9, 10], "texture": "#0"},
				"up": {"uv": [10, 10, 9, 9], "rotation": 90, "texture": "#0"},
				"down": {"uv": [1, 10, 0, 11], "rotation": 270, "texture": "#0"}
			}
		},
		{
			"from": [10, 7, 3],
			"to": [11, 8, 4],
			"rotation": {"angle": 0, "axis": "y", "origin": [8, 7.25, 8]},
			"faces": {
				"north": {"uv": [3, 10, 4, 11], "texture": "#0"},
				"east": {"uv": [1, 10, 2, 11], "texture": "#0"},
				"south": {"uv": [2, 10, 3, 11], "texture": "#0"},
				"west": {"uv": [10, 2, 11, 3], "texture": "#0"},
				"up": {"uv": [5, 11, 4, 10], "rotation": 90, "texture": "#0"},
				"down": {"uv": [6, 10, 5, 11], "rotation": 270, "texture": "#0"}
			}
		},
		{
			"from": [11, 7, 3],
			"to": [12, 8, 4],
			"rotation": {"angle": 0, "axis": "y", "origin": [8, 7.25, 8]},
			"faces": {
				"north": {"uv": [10, 7, 11, 8], "texture": "#0"},
				"east": {"uv": [10, 5, 11, 6], "texture": "#0"},
				"south": {"uv": [6, 10, 7, 11], "texture": "#0"},
				"west": {"uv": [7, 10, 8, 11], "texture": "#0"},
				"up": {"uv": [9, 11, 8, 10], "rotation": 90, "texture": "#0"},
				"down": {"uv": [11, 8, 10, 9], "rotation": 270, "texture": "#0"}
			}
		},
		{
			"from": [12, 7, 4],
			"to": [13, 8, 5],
			"rotation": {"angle": 0, "axis": "y", "origin": [8, 7.25, 8]},
			"faces": {
				"north": {"uv": [0, 11, 1, 12], "texture": "#0"},
				"east": {"uv": [9, 10, 10, 11], "texture": "#0"},
				"south": {"uv": [10, 9, 11, 10], "texture": "#0"},
				"west": {"uv": [10, 10, 11, 11], "texture": "#0"},
				"up": {"uv": [12, 1, 11, 0], "rotation": 90, "texture": "#0"},
				"down": {"uv": [2, 11, 1, 12], "rotation": 270, "texture": "#0"}
			}
		},
		{
			"from": [12, 8, 7],
			"to": [13, 9, 10],
			"rotation": {"angle": 0, "axis": "y", "origin": [8, 7.25, 8]},
			"faces": {
				"north": {"uv": [2, 11, 3, 12], "texture": "#0"},
				"east": {"uv": [2, 0, 5, 1], "texture": "#0"},
				"south": {"uv": [11, 1, 12, 2], "texture": "#0"},
				"west": {"uv": [2, 1, 5, 2], "texture": "#0"},
				"up": {"uv": [5, 3, 2, 2], "rotation": 90, "texture": "#0"},
				"down": {"uv": [5, 3, 2, 4], "rotation": 270, "texture": "#0"}
			}
		},
		{
			"from": [3, 8, 7],
			"to": [4, 9, 10],
			"rotation": {"angle": 0, "axis": "y", "origin": [8, 7.25, 8]},
			"faces": {
				"north": {"uv": [3, 11, 4, 12], "texture": "#0"},
				"east": {"uv": [0, 4, 3, 5], "texture": "#0"},
				"south": {"uv": [11, 2, 12, 3], "texture": "#0"},
				"west": {"uv": [3, 4, 6, 5], "texture": "#0"},
				"up": {"uv": [3, 6, 0, 5], "rotation": 90, "texture": "#0"},
				"down": {"uv": [8, 0, 5, 1], "rotation": 270, "texture": "#0"}
			}
		},
		{
			"from": [4, 8, 10],
			"to": [5, 9, 12],
			"rotation": {"angle": 0, "axis": "y", "origin": [8, 7.25, 8]},
			"faces": {
				"north": {"uv": [4, 11, 5, 12], "texture": "#0"},
				"east": {"uv": [4, 6, 6, 7], "texture": "#0"},
				"south": {"uv": [11, 3, 12, 4], "texture": "#0"},
				"west": {"uv": [6, 4, 8, 5], "texture": "#0"},
				"up": {"uv": [8, 6, 6, 5], "rotation": 90, "texture": "#0"},
				"down": {"uv": [8, 6, 6, 7], "rotation": 270, "texture": "#0"}
			}
		},
		{
			"from": [9, 8, 12],
			"to": [11, 9, 13],
			"rotation": {"angle": 0, "axis": "y", "origin": [8, 7.25, 8]},
			"faces": {
				"north": {"uv": [6, 7, 8, 8], "texture": "#0"},
				"east": {"uv": [11, 4, 12, 5], "texture": "#0"},
				"south": {"uv": [4, 7, 6, 8], "texture": "#0"},
				"west": {"uv": [5, 11, 6, 12], "texture": "#0"},
				"up": {"uv": [1, 10, 0, 8], "rotation": 90, "texture": "#0"},
				"down": {"uv": [9, 0, 8, 2], "rotation": 270, "texture": "#0"}
			}
		},
		{
			"from": [5, 8, 12],
			"to": [7, 9, 13],
			"rotation": {"angle": 0, "axis": "y", "origin": [8, 7.25, 8]},
			"faces": {
				"north": {"uv": [8, 2, 10, 3], "texture": "#0"},
				"east": {"uv": [11, 5, 12, 6], "texture": "#0"},
				"south": {"uv": [1, 8, 3, 9], "texture": "#0"},
				"west": {"uv": [6, 11, 7, 12], "texture": "#0"},
				"up": {"uv": [4, 10, 3, 8], "rotation": 90, "texture": "#0"},
				"down": {"uv": [9, 3, 8, 5], "rotation": 270, "texture": "#0"}
			}
		},
		{
			"from": [7, 7, 12],
			"to": [9, 8, 13],
			"rotation": {"angle": 0, "axis": "y", "origin": [8, 7.25, 8]},
			"faces": {
				"north": {"uv": [8, 5, 10, 6], "texture": "#0"},
				"east": {"uv": [11, 6, 12, 7], "texture": "#0"},
				"south": {"uv": [4, 8, 6, 9], "texture": "#0"},
				"west": {"uv": [7, 11, 8, 12], "texture": "#0"},
				"up": {"uv": [7, 10, 6, 8], "rotation": 90, "texture": "#0"},
				"down": {"uv": [9, 6, 8, 8], "rotation": 270, "texture": "#0"}
			}
		},
		{
			"from": [11, 8, 10],
			"to": [12, 9, 12],
			"rotation": {"angle": 0, "axis": "y", "origin": [8, 7.25, 8]},
			"faces": {
				"north": {"uv": [8, 11, 9, 12], "texture": "#0"},
				"east": {"uv": [7, 8, 9, 9], "texture": "#0"},
				"south": {"uv": [11, 7, 12, 8], "texture": "#0"},
				"west": {"uv": [9, 0, 11, 1], "texture": "#0"},
				"up": {"uv": [3, 10, 1, 9], "rotation": 90, "texture": "#0"},
				"down": {"uv": [11, 1, 9, 2], "rotation": 270, "texture": "#0"}
			}
		},
		{
			"from": [12, 7, 5],
			"to": [13, 8, 7],
			"rotation": {"angle": 0, "axis": "y", "origin": [8, 7.25, 8]},
			"faces": {
				"north": {"uv": [9, 11, 10, 12], "texture": "#0"},
				"east": {"uv": [9, 3, 11, 4], "texture": "#0"},
				"south": {"uv": [11, 8, 12, 9], "texture": "#0"},
				"west": {"uv": [4, 9, 6, 10], "texture": "#0"},
				"up": {"uv": [11, 5, 9, 4], "rotation": 90, "texture": "#0"},
				"down": {"uv": [11, 6, 9, 7], "rotation": 270, "texture": "#0"}
			}
		},
		{
			"from": [6, 6, 3],
			"to": [7, 7, 4],
			"rotation": {"angle": 0, "axis": "y", "origin": [8, 7.25, 8]},
			"faces": {
				"north": {"uv": [11, 11, 12, 12], "texture": "#0"},
				"east": {"uv": [11, 9, 12, 10], "texture": "#0"},
				"south": {"uv": [10, 11, 11, 12], "texture": "#0"},
				"west": {"uv": [11, 10, 12, 11], "texture": "#0"},
				"up": {"uv": [1, 13, 0, 12], "rotation": 90, "texture": "#0"},
				"down": {"uv": [13, 0, 12, 1], "rotation": 270, "texture": "#0"}
			}
		},
		{
			"from": [5, 7, 3],
			"to": [6, 8, 4],
			"rotation": {"angle": 0, "axis": "y", "origin": [8, 7.25, 8]},
			"faces": {
				"north": {"uv": [12, 2, 13, 3], "texture": "#0"},
				"east": {"uv": [1, 12, 2, 13], "texture": "#0"},
				"south": {"uv": [12, 1, 13, 2], "texture": "#0"},
				"west": {"uv": [2, 12, 3, 13], "texture": "#0"},
				"up": {"uv": [4, 13, 3, 12], "rotation": 90, "texture": "#0"},
				"down": {"uv": [13, 3, 12, 4], "rotation": 270, "texture": "#0"}
			}
		},
		{
			"from": [4, 7, 3],
			"to": [5, 8, 4],
			"rotation": {"angle": 0, "axis": "y", "origin": [8, 7.25, 8]},
			"faces": {
				"north": {"uv": [12, 5, 13, 6], "texture": "#0"},
				"east": {"uv": [4, 12, 5, 13], "texture": "#0"},
				"south": {"uv": [12, 4, 13, 5], "texture": "#0"},
				"west": {"uv": [5, 12, 6, 13], "texture": "#0"},
				"up": {"uv": [7, 13, 6, 12], "rotation": 90, "texture": "#0"},
				"down": {"uv": [13, 6, 12, 7], "rotation": 270, "texture": "#0"}
			}
		},
		{
			"from": [3, 7, 7],
			"to": [4, 8, 8],
			"rotation": {"angle": 0, "axis": "y", "origin": [8, 7.25, 8]},
			"faces": {
				"north": {"uv": [12, 8, 13, 9], "texture": "#0"},
				"east": {"uv": [7, 12, 8, 13], "texture": "#0"},
				"south": {"uv": [12, 7, 13, 8], "texture": "#0"},
				"west": {"uv": [8, 12, 9, 13], "texture": "#0"},
				"up": {"uv": [10, 13, 9, 12], "rotation": 90, "texture": "#0"},
				"down": {"uv": [13, 9, 12, 10], "rotation": 270, "texture": "#0"}
			}
		},
		{
			"from": [6, 7, 12],
			"to": [7, 8, 13],
			"rotation": {"angle": 0, "axis": "y", "origin": [8, 7.25, 8]},
			"faces": {
				"north": {"uv": [12, 11, 13, 12], "texture": "#0"},
				"east": {"uv": [10, 12, 11, 13], "texture": "#0"},
				"south": {"uv": [12, 10, 13, 11], "texture": "#0"},
				"west": {"uv": [11, 12, 12, 13], "texture": "#0"},
				"up": {"uv": [13, 13, 12, 12], "rotation": 90, "texture": "#0"},
				"down": {"uv": [1, 13, 0, 14], "rotation": 270, "texture": "#0"}
			}
		},
		{
			"from": [9, 7, 12],
			"to": [10, 8, 13],
			"rotation": {"angle": 0, "axis": "y", "origin": [8, 7.25, 8]},
			"faces": {
				"north": {"uv": [2, 13, 3, 14], "texture": "#0"},
				"east": {"uv": [13, 0, 14, 1], "texture": "#0"},
				"south": {"uv": [1, 13, 2, 14], "texture": "#0"},
				"west": {"uv": [13, 1, 14, 2], "texture": "#0"},
				"up": {"uv": [14, 3, 13, 2], "rotation": 90, "texture": "#0"},
				"down": {"uv": [4, 13, 3, 14], "rotation": 270, "texture": "#0"}
			}
		},
		{
			"from": [12, 7, 7],
			"to": [13, 8, 8],
			"rotation": {"angle": 0, "axis": "y", "origin": [8, 7.25, 8]},
			"faces": {
				"north": {"uv": [5, 13, 6, 14], "texture": "#0"},
				"east": {"uv": [13, 3, 14, 4], "texture": "#0"},
				"south": {"uv": [4, 13, 5, 14], "texture": "#0"},
				"west": {"uv": [13, 4, 14, 5], "texture": "#0"},
				"up": {"uv": [14, 6, 13, 5], "rotation": 90, "texture": "#0"},
				"down": {"uv": [7, 13, 6, 14], "rotation": 270, "texture": "#0"}
			}
		},
		{
			"from": [3, 7, 4],
			"to": [4, 8, 7],
			"rotation": {"angle": 0, "axis": "y", "origin": [8, 7.25, 8]},
			"faces": {
				"north": {"uv": [7, 13, 8, 14], "texture": "#0"},
				"east": {"uv": [5, 1, 8, 2], "texture": "#0"},
				"south": {"uv": [13, 6, 14, 7], "texture": "#0"},
				"west": {"uv": [5, 2, 8, 3], "texture": "#0"},
				"up": {"uv": [6, 6, 3, 5], "rotation": 90, "texture": "#0"},
				"down": {"uv": [8, 3, 5, 4], "rotation": 270, "texture": "#0"}
			}
		}
	],
	"display": {
		"thirdperson_righthand": {
			"rotation": [75, 45, 0],
			"translation": [0, 2.5, 0],
			"scale": [0.375, 0.375, 0.375]
		},
		"thirdperson_lefthand": {
			"rotation": [75, 45, 0],
			"translation": [0, 2.5, 0],
			"scale": [0.375, 0.375, 0.375]
		},
		"firstperson_righthand": {
			"rotation": [0, 45, 0],
			"scale": [0.4, 0.4, 0.4]
		},
		"firstperson_lefthand": {
			"rotation": [0, -135, 0],
			"scale": [0.4, 0.4, 0.4]
		},
		"ground": {
			"translation": [0, 3, 0],
			"scale": [0.5, 0.5, 0.5]
		},
		"gui": {
			"rotation": [30, -135, 0]
		},
		"head": {
			"translation": [0, 5.75, 0],
			"scale": [1.6, 1.6, 1.6]
		}
	},
	"groups": [
		{
			"name": "group",
			"origin": [12, 8, 12],
			"color": 0,
			"children": [0, 1, 2, 3, 4, 5, 6, 7, 8, 9, 10, 11, 12, 13, 14, 15, 16, 17, 18, 19, 20]
		}
	]
}