{
	"credit": "Made with Blockbench",
	"texture_size": [64, 64],
	"textures": {
		"3": "nodenium:item/gray_judge_wig"
	},
	"elements": [
		{
			"from": [1, 1.75, 0.25],
			"to": [15, 5.75, 4.25],
			"rotation": {"angle": 22.5, "axis": "x", "origin": [8, 2.75, 5.25]},
			"faces": {
				"north": {"uv": [10.75, 6, 14.25, 7], "texture": "#3"},
				"east": {"uv": [4.75, 13, 5.75, 14], "texture": "#3"},
				"west": {"uv": [5.75, 13, 4.75, 14], "texture": "#3"},
				"up": {"uv": [14.25, 8, 10.75, 7], "texture": "#3"},
				"down": {"uv": [14.25, 8, 10.75, 9], "texture": "#3"}
			}
		},
		{
			"from": [2, 2.75, 4.25],
			"to": [14, 8.75, 15.25],
			"rotation": {"angle": 0, "axis": "y", "origin": [8, 2.75, 11.25]},
			"faces": {
				"north": {"uv": [4.75, 8.5, 7.75, 10], "texture": "#3"},
				"east": {"uv": [10.75, 4.5, 13.5, 6], "texture": "#3"},
				"south": {"uv": [7.75, 9.5, 10.75, 11], "texture": "#3"},
				"west": {"uv": [13.5, 4.5, 10.75, 6], "texture": "#3"},
				"up": {"uv": [5.25, 8.5, 2.25, 5.75], "texture": "#3"},
				"down": {"uv": [8.25, 5.75, 5.25, 8.5], "texture": "#3"}
			}
		},
		{
			"from": [2, -0.25, 15.25],
			"to": [14, 3.75, 17.25],
			"rotation": {"angle": 0, "axis": "y", "origin": [8, 7.75, 11.25]},
			"faces": {
				"north": {"uv": [10.25, 11.5, 13.25, 12.5], "texture": "#3"},
				"east": {"uv": [7.75, 8.5, 8.25, 9.5], "texture": "#3"},
				"south": {"uv": [1.25, 12, 4.25, 13], "texture": "#3"},
				"west": {"uv": [6.25, 13, 6.75, 14], "texture": "#3"},
				"up": {"uv": [16, 0.5, 13, 0], "texture": "#3"},
				"down": {"uv": [16, 0.5, 13, 1], "texture": "#3"}
			}
		},
		{
			"from": [12, -7.25, 4.25],
			"to": [14, 2.75, 4.25],
			"rotation": {"angle": 22.5, "axis": "x", "origin": [13, 2.75, 4.25]},
			"faces": {
				"north": {"uv": [2.75, 13, 3.25, 15.5], "texture": "#3"},
				"east": {"uv": [0, 0, 0, 2.5], "texture": "#3"},
				"west": {"uv": [0, 0, 0, 2.5], "texture": "#3"},
				"up": {"uv": [0.5, 0, 0, 0], "texture": "#3"},
				"down": {"uv": [0.5, 0, 0, 0], "texture": "#3"}
			}
		},
		{
			"from": [2, -7.25, 4.25],
			"to": [4, 2.75, 4.25],
			"rotation": {"angle": 22.5, "axis": "x", "origin": [3, 2.75, 4.25]},
			"faces": {
				"north": {"uv": [3.25, 13, 3.75, 15.5], "texture": "#3"},
				"east": {"uv": [0, 0, 0, 2.5], "texture": "#3"},
				"west": {"uv": [0, 0, 0, 2.5], "texture": "#3"},
				"up": {"uv": [0.5, 0, 0, 0], "texture": "#3"},
				"down": {"uv": [0.5, 0, 0, 0], "texture": "#3"}
			}
		},
		{
			"from": [14, -4.25, 4.25],
			"to": [18, 0.75, 14.25],
			"rotation": {"angle": 0, "axis": "y", "origin": [8, 2.75, 11.25]},
			"faces": {
				"north": {"uv": [1.25, 13, 2.25, 14.25], "texture": "#3"},
				"east": {"uv": [2.25, 10.75, 4.75, 12], "texture": "#3"},
				"south": {"uv": [2.25, 13, 1.25, 14.25], "texture": "#3"},
				"west": {"uv": [4.75, 10.75, 2.25, 12], "texture": "#3"},
				"up": {"uv": [11.25, 15, 10.25, 12.5], "texture": "#3"},
				"down": {"uv": [12.25, 12.5, 11.25, 15], "texture": "#3"}
			}
		},
		{
			"from": [12.2, -15.25, 2.25],
			"to": [17.2, -10.25, 12.25],
			"rotation": {"angle": 0, "axis": "y", "origin": [7.2, -8.25, 9.25]},
			"faces": {
				"north": {"uv": [12.75, 3, 14, 4.25], "texture": "#3"},
				"east": {"uv": [10.75, 10.25, 13.25, 11.5], "texture": "#3"},
				"south": {"uv": [14, 3, 12.75, 4.25], "texture": "#3"},
				"west": {"uv": [13.25, 10.25, 10.75, 11.5], "texture": "#3"},
				"up": {"uv": [9, 13.5, 7.75, 11], "texture": "#3"},
				"down": {"uv": [10.25, 11, 9, 13.5], "texture": "#3"}
			}
		},
		{
			"from": [-1.2, -15.25, 2.25],
			"to": [3.8, -10.25, 12.25],
			"rotation": {"angle": 0, "axis": "y", "origin": [-7.2, -8.25, 9.25]},
			"faces": {
				"north": {"uv": [14, 3, 12.75, 4.25], "texture": "#3"},
				"east": {"uv": [10.75, 10.25, 13.25, 11.5], "texture": "#3"},
				"south": {"uv": [12.75, 3, 14, 4.25], "texture": "#3"},
				"west": {"uv": [13.25, 10.25, 10.75, 11.5], "texture": "#3"},
				"up": {"uv": [1.25, 14, 0, 11.5], "texture": "#3"},
				"down": {"uv": [12.75, 1.5, 11.5, 4], "texture": "#3"}
			}
		},
		{
			"from": [14, 0.75, 4.25],
			"to": [16, 5.75, 14.25],
			"rotation": {"angle": 0, "axis": "y", "origin": [8, 7.75, 11.25]},
			"faces": {
				"north": {"uv": [5.75, 13, 6.25, 14.25], "texture": "#3"},
				"east": {"uv": [10.75, 9, 13.25, 10.25], "texture": "#3"},
				"south": {"uv": [6.25, 13, 5.75, 14.25], "texture": "#3"},
				"west": {"uv": [13.25, 9, 10.75, 10.25], "texture": "#3"},
				"up": {"uv": [4.75, 14.5, 4.25, 12], "texture": "#3"},
				"down": {"uv": [2.75, 13, 2.25, 15.5], "texture": "#3"}
			}
		},
		{
			"from": [0, 0.75, 4.25],
			"to": [2, 5.75, 14.25],
			"rotation": {"angle": 0, "axis": "y", "origin": [-6, 7.75, 11.25]},
			"faces": {
				"north": {"uv": [6.25, 13, 5.75, 14.25], "texture": "#3"},
				"east": {"uv": [10.75, 9, 13.25, 10.25], "texture": "#3"},
				"south": {"uv": [5.75, 13, 6.25, 14.25], "texture": "#3"},
				"west": {"uv": [13.25, 9, 10.75, 10.25], "texture": "#3"},
				"up": {"uv": [4.75, 14.5, 4.25, 12], "texture": "#3"},
				"down": {"uv": [4.25, 13, 3.75, 15.5], "texture": "#3"}
			}
		},
		{
			"from": [13, -10.25, 3.25],
			"to": [19, -4.25, 15.25],
			"rotation": {"angle": 0, "axis": "y", "origin": [8, -2.25, 11.25]},
			"faces": {
				"north": {"uv": [12.75, 1.5, 14.25, 3], "texture": "#3"},
				"east": {"uv": [10, 0, 13, 1.5], "texture": "#3"},
				"south": {"uv": [14.25, 1.5, 12.75, 3], "texture": "#3"},
				"west": {"uv": [13, 0, 10, 1.5], "texture": "#3"},
				"up": {"uv": [11.5, 4.5, 10, 1.5], "texture": "#3"},
				"down": {"uv": [6.25, 10, 4.75, 13], "texture": "#3"}
			}
		},
		{
			"from": [-3, -10.25, 3.25],
			"to": [3, -4.25, 15.25],
			"rotation": {"angle": 0, "axis": "y", "origin": [-10, -2.25, 11.25]},
			"faces": {
				"north": {"uv": [14.25, 1.5, 12.75, 3], "texture": "#3"},
				"east": {"uv": [10, 0, 13, 1.5], "texture": "#3"},
				"south": {"uv": [12.75, 1.5, 14.25, 3], "texture": "#3"},
				"west": {"uv": [13, 0, 10, 1.5], "texture": "#3"},
				"up": {"uv": [11.5, 4.5, 10, 1.5], "texture": "#3"},
				"down": {"uv": [7.75, 10, 6.25, 13], "texture": "#3"}
			}
		},
		{
			"from": [-2, -4.25, 4.25],
			"to": [2, 0.75, 14.25],
			"rotation": {"angle": 0, "axis": "y", "origin": [-9, 2.75, 11.25]},
			"faces": {
				"north": {"uv": [2.25, 13, 1.25, 14.25], "texture": "#3"},
				"east": {"uv": [2.25, 10.75, 4.75, 12], "texture": "#3"},
				"south": {"uv": [1.25, 13, 2.25, 14.25], "texture": "#3"},
				"west": {"uv": [4.75, 10.75, 2.25, 12], "texture": "#3"},
				"up": {"uv": [11.25, 15, 10.25, 12.5], "texture": "#3"},
				"down": {"uv": [13.25, 12.5, 12.25, 15], "texture": "#3"}
			}
		},
		{
			"from": [3, 8.25, 5],
			"to": [13, 31.25, 14],
			"rotation": {"angle": 22.5, "axis": "x", "origin": [8, 8.25, 5]},
			"faces": {
				"north": {"uv": [0, 0, 2.5, 5.75], "texture": "#3"},
				"east": {"uv": [5, 0, 7.25, 5.75], "texture": "#3"},
				"south": {"uv": [0, 0, 2.5, 5.75], "texture": "#3"},
				"west": {"uv": [7.25, 0, 5, 5.75], "texture": "#3"},
				"up": {"uv": [10.75, 7.25, 8.25, 5], "texture": "#3"},
				"down": {"uv": [10.75, 7.25, 8.25, 9.5], "texture": "#3"}
			}
		},
		{
			"from": [2.5, 7.75, 4.5],
			"to": [13.5, 31.75, 14.5],
			"rotation": {"angle": 22.5, "axis": "x", "origin": [8, 8.25, 5]},
			"faces": {
				"north": {"uv": [2.5, 0, 5, 5.75], "texture": "#3"},
				"east": {"uv": [0, 5.75, 2.25, 11.5], "texture": "#3"},
				"south": {"uv": [2.5, 0, 5, 5.75], "texture": "#3"},
				"west": {"uv": [2.25, 5.75, 0, 11.5], "texture": "#3"},
				"up": {"uv": [4.75, 10.75, 2.25, 8.5], "texture": "#3"}
			}
		}
	],
	"gui_light": "front",
	"display": {
		"thirdperson_righthand": {
			"rotation": [75, 45, 0],
			"translation": [0, 2.5, 0],
			"scale": [0.375, 0.375, 0.375]
		},
		"thirdperson_lefthand": {
			"rotation": [75, 45, 0],
			"translation": [0, 2.5, 0],
			"scale": [0.375, 0.375, 0.375]
		},
		"firstperson_righthand": {
			"rotation": [16, 122, -14],
			"translation": [0, 7.5, 0],
			"scale": [0.4, 0.4, 0.4]
		},
		"firstperson_lefthand": {
			"rotation": [16, 122, -14],
			"translation": [0, 7.5, 0],
			"scale": [0.4, 0.4, 0.4]
		},
		"ground": {
			"translation": [0, 10.75, 0],
			"scale": [0.5, 0.5, 0.5]
		},
		"gui": {
			"rotation": [30, 225, 0],
			"translation": [1.5, 0.25, 0],
			"scale": [0.3, 0.3, 0.3]
		},
		"head": {
			"translation": [0, 13.5, -0.25],
			"scale": [1.6, 1.6, 1.6]
		},
		"fixed": {
			"translation": [0, 0, -5]
		}
	},
	"groups": [
		0,
		1,
		2,
		3,
		4,
		5,
		6,
		7,
		8,
		9,
		10,
		11,
		12,
		{
			"name": "group",
			"origin": [3, 8.25, 7],
			"color": 0,
			"children": [13, 14]
		}
	]
}