{
	"format_version": "1.21.6",
	"credit": "Made with Blockbench",
	"texture_size": [64, 64],
	"textures": {
		"1": "nodenium:item/guitar_trophy",
		"particle": "nodenium:item/guitar_trophy"
	},
	"elements": [
		{
			"from": [5, 6, 7.5],
			"to": [11, 14, 8.5],
			"rotation": {"angle": 0, "axis": "z", "origin": [8, 14.75, 7.75]},
			"faces": {
				"north": {"uv": [2.75, 3.5, 4.25, 5.5], "texture": "#1"},
				"east": {"uv": [2.25, 6.25, 2.5, 8.25], "texture": "#1"},
				"south": {"uv": [0, 3.75, 1.5, 5.75], "texture": "#1"},
				"west": {"uv": [2.5, 6.25, 2.75, 8.25], "texture": "#1"},
				"up": {"uv": [7.75, 4.75, 6.25, 4.5], "texture": "#1"},
				"down": {"uv": [7.75, 4.75, 6.25, 5], "texture": "#1"}
			}
		},
		{
			"from": [4.5, 0, 4.5],
			"to": [11.5, 3, 11.5],
			"rotation": {"angle": 0, "axis": "z", "origin": [7.5, 8.75, 7.75]},
			"faces": {
				"north": {"uv": [2.25, 5.5, 4, 6.25], "texture": "#1"},
				"east": {"uv": [5, 5.5, 6.75, 6.25], "texture": "#1"},
				"south": {"uv": [5.75, 0, 7.5, 0.75], "texture": "#1"},
				"west": {"uv": [5.75, 0.75, 7.5, 1.5], "texture": "#1"},
				"up": {"uv": [4.5, 1.75, 2.75, 0], "texture": "#1"},
				"down": {"uv": [4.5, 1.75, 2.75, 3.5], "texture": "#1"}
			}
		},
		{
			"from": [6.45, 25.5803, 8.01157],
			"to": [9.55, 31.5803, 9.01157],
			"rotation": {"angle": 17.5, "axis": "x", "origin": [8.05, 28.5803, 8.51157]},
			"faces": {
				"north": {"uv": [0, 5.75, 0.75, 7.25], "texture": "#1"},
				"east": {"uv": [2.25, 3.75, 2.5, 5.25], "texture": "#1"},
				"south": {"uv": [0.75, 5.75, 1.5, 7.25], "texture": "#1"},
				"west": {"uv": [2.5, 3.75, 2.75, 5.25], "texture": "#1"},
				"up": {"uv": [7, 6.5, 6.25, 6.25], "texture": "#1"},
				"down": {"uv": [7.25, 1.5, 6.5, 1.75], "texture": "#1"}
			}
		},
		{
			"from": [5.5, 25.5803, 9.01157],
			"to": [10.5, 31.5803, 9.01157],
			"rotation": {"angle": 17.5, "axis": "x", "origin": [8, 28.5803, 8.51157]},
			"faces": {
				"north": {"uv": [4.5, 0, 5.75, 1.5], "texture": "#1"},
				"east": {"uv": [0, 0, 0, 1.5], "texture": "#1"},
				"south": {"uv": [4.5, 1.5, 5.75, 3], "texture": "#1"},
				"west": {"uv": [0, 0, 0, 1.5], "texture": "#1"},
				"up": {"uv": [1.25, 0, 0, 0], "texture": "#1"},
				"down": {"uv": [1.25, 0, 0, 0], "texture": "#1"}
			}
		},
		{
			"from": [6.5, 14, 7.5],
			"to": [9.5, 26, 8.5],
			"rotation": {"angle": 0, "axis": "z", "origin": [8, 14.75, 7.75]},
			"faces": {
				"north": {"uv": [1.5, 3.75, 2.25, 6.75], "texture": "#1"},
				"east": {"uv": [4, 5.5, 4.25, 8.5], "texture": "#1"},
				"south": {"uv": [4.25, 3.5, 5, 6.5], "texture": "#1"},
				"west": {"uv": [6.25, 1.5, 6.5, 4.5], "texture": "#1"},
				"up": {"uv": [7.25, 2, 6.5, 1.75], "texture": "#1"},
				"down": {"uv": [7.25, 2, 6.5, 2.25], "texture": "#1"}
			}
		},
		{
			"from": [2.5, 4, 8],
			"to": [13.5, 19, 8],
			"rotation": {"angle": 0, "axis": "y", "origin": [6.5, 14, 7]},
			"faces": {
				"north": {"uv": [0, 0, 2.75, 3.75], "texture": "#1"},
				"east": {"uv": [0, 0, 0, 3.75], "texture": "#1"},
				"south": {"uv": [2.75, 0, 0, 3.75], "texture": "#1"},
				"west": {"uv": [0, 0, 0, 3.75], "texture": "#1"},
				"up": {"uv": [2.75, 0, 0, 0], "texture": "#1"},
				"down": {"uv": [0, 0, 2.75, 0], "texture": "#1"}
			}
		},
		{
			"from": [5.5, 3, 5.5],
			"to": [10.5, 4, 10.5],
			"rotation": {"angle": 0, "axis": "y", "origin": [7.5, 3, 6.5]},
			"faces": {
				"north": {"uv": [2.75, 6.25, 4, 6.5], "texture": "#1"},
				"east": {"uv": [5, 6.25, 6.25, 6.5], "texture": "#1"},
				"south": {"uv": [6.25, 5, 7.5, 5.25], "texture": "#1"},
				"west": {"uv": [6.25, 5.25, 7.5, 5.5], "texture": "#1"},
				"up": {"uv": [6.25, 4.25, 5, 3], "texture": "#1"},
				"down": {"uv": [6.25, 4.25, 5, 5.5], "texture": "#1"}
			}
		}
	],
	"display": {
		"thirdperson_righthand": {
			"rotation": [60, -25, -9],
			"translation": [0, 2.5, 2],
			"scale": [0.5, 0.5, 0.5]
		},
		"thirdperson_lefthand": {
			"rotation": [60, -25, -9],
			"translation": [0, 2.5, 2],
			"scale": [0.5, 0.5, 0.5]
		},
		"firstperson_righthand": {
			"rotation": [0, 140, 0],
			"translation": [0, 2, 0],
			"scale": [0.4, 0.4, 0.4]
		},
		"firstperson_lefthand": {
			"rotation": [0, 140, 0],
			"translation": [0, 2, 0],
			"scale": [0.4, 0.4, 0.4]
		},
		"ground": {
			"translation": [0, 2, 0],
			"scale": [0.6, 0.6, 0.6]
		},
		"gui": {
			"rotation": [30, -135, 0],
			"translation": [0, -3, 0],
			"scale": [0.5, 0.5, 0.5]
		},
		"head": {
			"translation": [0, 14, 0]
		},
		"fixed": {
			"rotation": [-90, 0, 0],
			"translation": [0, 0, -16],
			"scale": [2, 2, 2]
		}
	}
}