{
	"format_version": "1.21.6",
	"credit": "Made with Blockbench",
	"texture_size": [32, 32],
	"textures": {
		"2": "nodenium:item/gummy_bear",
		"particle": "nodenium:item/gummy_bear"
	},
	"elements": [
		{
			"from": [6.5, 6, 4.5],
			"to": [9.5, 9, 5.5],
			"rotation": {"angle": 0, "axis": "y", "origin": [6.5, 7, 4.5]},
			"faces": {
				"north": {"uv": [6, 12, 7.5, 13.5], "texture": "#2"},
				"east": {"uv": [10, 6.5, 10.5, 8], "texture": "#2"},
				"south": {"uv": [12, 6, 13.5, 7.5], "texture": "#2"},
				"west": {"uv": [0, 14, 0.5, 15.5], "texture": "#2"},
				"up": {"uv": [15.5, 1.5, 14, 1], "texture": "#2"},
				"down": {"uv": [15.5, 1.5, 14, 2], "texture": "#2"}
			}
		},
		{
			"from": [4.5, 4, 5],
			"to": [6.5, 6, 10],
			"rotation": {"angle": 0, "axis": "y", "origin": [4.5, -2, 7]},
			"faces": {
				"north": {"uv": [8.5, 4, 9.5, 5], "texture": "#2"},
				"east": {"uv": [2.5, 11, 5, 12], "texture": "#2"},
				"south": {"uv": [6, 13.5, 7, 14.5], "texture": "#2"},
				"west": {"uv": [5, 11, 7.5, 12], "texture": "#2"},
				"up": {"uv": [8.5, 13.5, 7.5, 11], "texture": "#2"},
				"down": {"uv": [11, 11, 10, 13.5], "texture": "#2"}
			}
		},
		{
			"from": [9.5, 4, 5],
			"to": [11.5, 6, 10],
			"rotation": {"angle": 0, "axis": "y", "origin": [9.5, -2, 7]},
			"faces": {
				"north": {"uv": [13.5, 6, 14.5, 7], "texture": "#2"},
				"east": {"uv": [11, 11, 13.5, 12], "texture": "#2"},
				"south": {"uv": [7, 13.5, 8, 14.5], "texture": "#2"},
				"west": {"uv": [2.5, 12, 5, 13], "texture": "#2"},
				"up": {"uv": [13, 6, 12, 3.5], "texture": "#2"},
				"down": {"uv": [6, 12, 5, 14.5], "texture": "#2"}
			}
		},
		{
			"from": [4.5, 0, 5],
			"to": [6.5, 2, 9],
			"rotation": {"angle": 0, "axis": "y", "origin": [4.5, -6, 7]},
			"faces": {
				"north": {"uv": [13.5, 7, 14.5, 8], "texture": "#2"},
				"east": {"uv": [12.5, 12, 14.5, 13], "texture": "#2"},
				"south": {"uv": [8, 13.5, 9, 14.5], "texture": "#2"},
				"west": {"uv": [13, 0, 15, 1], "texture": "#2"},
				"up": {"uv": [2.5, 14.5, 1.5, 12.5], "texture": "#2"},
				"down": {"uv": [14, 1, 13, 3], "texture": "#2"}
			}
		},
		{
			"from": [9.5, 0, 5],
			"to": [11.5, 2, 9],
			"rotation": {"angle": 0, "axis": "y", "origin": [9.5, -6, 7]},
			"faces": {
				"north": {"uv": [13.5, 8, 14.5, 9], "texture": "#2"},
				"east": {"uv": [2.5, 13, 4.5, 14], "texture": "#2"},
				"south": {"uv": [9, 13.5, 10, 14.5], "texture": "#2"},
				"west": {"uv": [13, 3, 15, 4], "texture": "#2"},
				"up": {"uv": [14, 6, 13, 4], "texture": "#2"},
				"down": {"uv": [13.5, 13, 12.5, 15], "texture": "#2"}
			}
		},
		{
			"from": [5, 6, 5.5],
			"to": [11, 11, 10.5],
			"rotation": {"angle": 0, "axis": "y", "origin": [7, 6, 7.5]},
			"faces": {
				"north": {"uv": [0, 3, 3, 5.5], "texture": "#2"},
				"east": {"uv": [3, 5.5, 5.5, 8], "texture": "#2"},
				"south": {"uv": [3, 3, 6, 5.5], "texture": "#2"},
				"west": {"uv": [5.5, 5.5, 8, 8], "texture": "#2"},
				"up": {"uv": [8, 2.5, 5, 0], "texture": "#2"},
				"down": {"uv": [3, 5.5, 0, 8], "texture": "#2"}
			}
		},
		{
			"from": [4, 9, 7.5],
			"to": [7, 12, 8.5],
			"rotation": {"angle": 0, "axis": "z", "origin": [5.5, 10.5, 8]},
			"faces": {
				"north": {"uv": [12, 7.5, 13.5, 9], "texture": "#2"},
				"east": {"uv": [0.5, 14, 1, 15.5], "texture": "#2"},
				"south": {"uv": [11, 12, 12.5, 13.5], "texture": "#2"},
				"west": {"uv": [1, 14, 1.5, 15.5], "texture": "#2"},
				"up": {"uv": [15.5, 2.5, 14, 2], "texture": "#2"},
				"down": {"uv": [4, 14, 2.5, 14.5], "texture": "#2"}
			}
		},
		{
			"from": [9, 9, 7.5],
			"to": [12, 12, 8.5],
			"rotation": {"angle": 0, "axis": "z", "origin": [10.5, 10.5, 8]},
			"faces": {
				"north": {"uv": [0, 12.5, 1.5, 14], "texture": "#2"},
				"east": {"uv": [4, 14, 4.5, 15.5], "texture": "#2"},
				"south": {"uv": [12.5, 9, 14, 10.5], "texture": "#2"},
				"west": {"uv": [14, 4, 14.5, 5.5], "texture": "#2"},
				"up": {"uv": [15.5, 3, 14, 2.5], "texture": "#2"},
				"down": {"uv": [15.5, 5.5, 14, 6], "texture": "#2"}
			}
		},
		{
			"from": [5.5, 0, 6],
			"to": [10.5, 6, 10],
			"rotation": {"angle": 0, "axis": "y", "origin": [6.5, 0, 7]},
			"faces": {
				"north": {"uv": [0, 0, 2.5, 3], "texture": "#2"},
				"east": {"uv": [2.5, 8, 4.5, 11], "texture": "#2"},
				"south": {"uv": [2.5, 0, 5, 3], "texture": "#2"},
				"west": {"uv": [4.5, 8, 6.5, 11], "texture": "#2"},
				"up": {"uv": [10.5, 2, 8, 0], "texture": "#2"},
				"down": {"uv": [11, 2, 8.5, 4], "texture": "#2"}
			}
		},
		{
			"from": [7, 6.5, 5],
			"to": [9, 8.5, 6],
			"rotation": {"angle": 0, "axis": "y", "origin": [7, 6.5, 4]},
			"faces": {
				"north": {"uv": [10, 13.5, 11, 14.5], "texture": "#2"},
				"east": {"uv": [9.5, 4, 10, 5], "texture": "#2"},
				"south": {"uv": [13.5, 10.5, 14.5, 11.5], "texture": "#2"},
				"west": {"uv": [14.5, 4, 15, 5], "texture": "#2"},
				"up": {"uv": [6, 3, 5, 2.5], "texture": "#2"},
				"down": {"uv": [12, 3.5, 11, 4], "texture": "#2"}
			}
		},
		{
			"from": [5, 4.5, 5.5],
			"to": [6, 5.5, 9.5],
			"rotation": {"angle": 0, "axis": "y", "origin": [4.5, -2, 7]},
			"faces": {
				"north": {"uv": [8, 2, 8.5, 2.5], "texture": "#2"},
				"east": {"uv": [6, 5, 8, 5.5], "texture": "#2"},
				"south": {"uv": [10, 10.5, 10.5, 11], "texture": "#2"},
				"west": {"uv": [13.5, 11.5, 15.5, 12], "texture": "#2"},
				"up": {"uv": [5, 15, 4.5, 13], "texture": "#2"},
				"down": {"uv": [11.5, 13.5, 11, 15.5], "texture": "#2"}
			}
		},
		{
			"from": [10, 4.5, 5.5],
			"to": [11, 5.5, 9.5],
			"rotation": {"angle": 0, "axis": "y", "origin": [9.5, -2, 7]},
			"faces": {
				"north": {"uv": [12, 9, 12.5, 9.5], "texture": "#2"},
				"east": {"uv": [13.5, 13, 15.5, 13.5], "texture": "#2"},
				"south": {"uv": [12.5, 10.5, 13, 11], "texture": "#2"},
				"west": {"uv": [13.5, 13.5, 15.5, 14], "texture": "#2"},
				"up": {"uv": [12, 15.5, 11.5, 13.5], "texture": "#2"},
				"down": {"uv": [12.5, 13.5, 12, 15.5], "texture": "#2"}
			}
		},
		{
			"from": [5, 0.5, 5.5],
			"to": [6, 1.5, 8.5],
			"rotation": {"angle": 0, "axis": "y", "origin": [4.5, -6, 7]},
			"faces": {
				"north": {"uv": [13, 10.5, 13.5, 11], "texture": "#2"},
				"east": {"uv": [14, 9, 15.5, 9.5], "texture": "#2"},
				"south": {"uv": [5, 14.5, 5.5, 15], "texture": "#2"},
				"west": {"uv": [14, 9.5, 15.5, 10], "texture": "#2"},
				"up": {"uv": [14, 15.5, 13.5, 14], "texture": "#2"},
				"down": {"uv": [14.5, 14, 14, 15.5], "texture": "#2"}
			}
		},
		{
			"from": [10, 0.5, 5.5],
			"to": [11, 1.5, 8.5],
			"rotation": {"angle": 0, "axis": "y", "origin": [9.5, -6, 7]},
			"faces": {
				"north": {"uv": [14.5, 5, 15, 5.5], "texture": "#2"},
				"east": {"uv": [14, 10, 15.5, 10.5], "texture": "#2"},
				"south": {"uv": [5.5, 14.5, 6, 15], "texture": "#2"},
				"west": {"uv": [1.5, 14.5, 3, 15], "texture": "#2"},
				"up": {"uv": [3.5, 16, 3, 14.5], "texture": "#2"},
				"down": {"uv": [4, 14.5, 3.5, 16], "texture": "#2"}
			}
		},
		{
			"from": [5.5, 6, 6],
			"to": [10.5, 10.5, 10],
			"rotation": {"angle": 0, "axis": "y", "origin": [7, 6, 7.5]},
			"faces": {
				"north": {"uv": [6, 2.5, 8.5, 5], "texture": "#2"},
				"east": {"uv": [8.5, 8, 10.5, 10.5], "texture": "#2"},
				"south": {"uv": [0, 8, 2.5, 10.5], "texture": "#2"},
				"west": {"uv": [10, 4, 12, 6.5], "texture": "#2"},
				"up": {"uv": [2.5, 12.5, 0, 10.5], "texture": "#2"},
				"down": {"uv": [13, 0, 10.5, 2], "texture": "#2"}
			}
		},
		{
			"from": [6, 0.5, 6.5],
			"to": [10, 6, 9.5],
			"rotation": {"angle": 0, "axis": "y", "origin": [6.5, 0, 7]},
			"faces": {
				"north": {"uv": [8, 5, 10, 8], "texture": "#2"},
				"east": {"uv": [10.5, 6.5, 12, 9.5], "texture": "#2"},
				"south": {"uv": [6.5, 8, 8.5, 11], "texture": "#2"},
				"west": {"uv": [8.5, 10.5, 10, 13.5], "texture": "#2"},
				"up": {"uv": [12.5, 11, 10.5, 9.5], "texture": "#2"},
				"down": {"uv": [13, 2, 11, 3.5], "texture": "#2"}
			}
		}
	],
	"display": {
		"thirdperson_righthand": {
			"rotation": [75, 45, 0],
			"translation": [0, 2.5, 0],
			"scale": [0.375, 0.375, 0.375]
		},
		"thirdperson_lefthand": {
			"rotation": [75, 45, 0],
			"translation": [0, 2.5, 0],
			"scale": [0.375, 0.375, 0.375]
		},
		"firstperson_righthand": {
			"rotation": [0, 135, 0],
			"translation": [0, 1.75, 0],
			"scale": [0.4, 0.4, 0.4]
		},
		"firstperson_lefthand": {
			"rotation": [0, 135, 0],
			"translation": [0, 1.75, 0],
			"scale": [0.4, 0.4, 0.4]
		},
		"ground": {
			"translation": [0, 3, 0],
			"scale": [0.5, 0.5, 0.5]
		},
		"gui": {
			"rotation": [30, -135, 0],
			"translation": [0, 1.75, 0]
		}
	},
	"groups": [
		{
			"name": "group",
			"origin": [7, 7, 4.5],
			"color": 0,
			"children": [0, 1, 2, 3, 4, 5, 6, 7, 8, 9]
		},
		{
			"name": "group",
			"origin": [7, 7, 4.5],
			"color": 0,
			"children": [10, 11, 12, 13, 14, 15]
		}
	]
}