{
	"credit": "Made with Blockbench",
	"texture_size": [64, 64],
	"textures": {
		"0": "nodenium:item/newspaper",
		"particle": "nodenium:item/newspaper"
	},
	"elements": [
		{
			"from": [0, 0, 0],
			"to": [1, 16, 16],
			"faces": {
				"north": {"uv": [4, 0, 4.25, 4], "texture": "#0"},
				"east": {"uv": [0, 0, 4, 4], "texture": "#0"},
				"south": {"uv": [4, 4, 4.25, 8], "texture": "#0"},
				"west": {"uv": [0, 4, 4, 8], "texture": "#0"},
				"up": {"uv": [4.5, 4, 4.25, 0], "texture": "#0"},
				"down": {"uv": [4.5, 4, 4.25, 8], "texture": "#0"}
			}
		},
		{
			"from": [1, 0, 0],
			"to": [16, 16, 1],
			"rotation": {"angle": 0, "axis": "y", "origin": [1, 0, 0]},
			"faces": {
				"north": {"uv": [4.5, 0, 8.25, 4], "texture": "#0"},
				"east": {"uv": [0, 8, 0.25, 12], "texture": "#0"},
				"south": {"uv": [4.5, 4, 8.25, 8], "texture": "#0"},
				"west": {"uv": [0.25, 8, 0.5, 12], "texture": "#0"},
				"up": {"uv": [4.25, 8.25, 0.5, 8], "texture": "#0"},
				"down": {"uv": [8, 8, 4.25, 8.25], "texture": "#0"}
			}
		}
	],
	"display": {
		"thirdperson_righthand": {
			"rotation": [0, -45, 0],
			"translation": [-6, 2.25, 2],
			"scale": [0.7, 0.7, 0.7]
		},
		"thirdperson_lefthand": {
			"rotation": [0, 45, 0],
			"translation": [-6, 2.25, 2],
			"scale": [0.7, 0.7, 0.7]
		},
		"firstperson_righthand": {
			"rotation": [-39, -45, 0],
			"translation": [-9, 3, 7],
			"scale": [0.53, 0.53, 0.53]
		},
		"firstperson_lefthand": {
			"rotation": [-39, 45, 0],
			"translation": [-9, 3, 7],
			"scale": [0.53, 0.53, 0.53]
		},
		"ground": {
			"rotation": [-45, -45, 0],
			"translation": [0, 9.5, 0]
		},
		"gui": {
			"rotation": [0, 90, 0]
		},
		"head": {
			"translation": [0, 0, 0.5]
		},
		"fixed": {
			"rotation": [0, -90, 0],
			"translation": [2, 0, 14],
			"scale": [2, 2, 2]
		}
	}
}