{
	"format_version": "1.21.6",
	"credit": "Made with Blockbench",
	"texture_size": [32, 32],
	"textures": {
		"0": "nodenium:item/pilot_cap_white",
		"particle": "nodenium:item/pilot_cap_white"
	},
	"elements": [
		{
			"from": [4, 5.5, 4],
			"to": [12, 7.5, 12],
			"rotation": {"angle": 0, "axis": "y", "origin": [8, 5.5, 8]},
			"faces": {
				"north": {"uv": [0, 8, 4, 9], "texture": "#0"},
				"east": {"uv": [8, 8, 12, 9], "texture": "#0"},
				"south": {"uv": [8.5, 0, 12.5, 1], "texture": "#0"},
				"west": {"uv": [8.5, 1, 12.5, 2], "texture": "#0"},
				"up": {"uv": [4, 4, 0, 0], "texture": "#0"},
				"down": {"uv": [4, 4, 0, 8], "texture": "#0"}
			}
		},
		{
			"from": [3.5, 6.45, 3.5],
			"to": [12.5, 8.45, 9.5],
			"rotation": {"angle": 17.5, "axis": "x", "origin": [8, 6.95, 6.5]},
			"faces": {
				"north": {"uv": [8, 6, 12.5, 7], "texture": "#0"},
				"east": {"uv": [8.5, 2, 11.5, 3], "texture": "#0"},
				"south": {"uv": [8, 7, 12.5, 8], "texture": "#0"},
				"west": {"uv": [8.5, 3, 11.5, 4], "texture": "#0"},
				"up": {"uv": [8.5, 3, 4, 0], "texture": "#0"},
				"down": {"uv": [8.5, 3, 4, 6], "texture": "#0"}
			}
		},
		{
			"from": [4, 5.5, 1],
			"to": [12, 5.51, 4],
			"rotation": {"angle": 0, "axis": "y", "origin": [8, 5.0005, 2.5]},
			"faces": {
				"north": {"uv": [0, 0, 4, 0], "texture": "#0"},
				"east": {"uv": [0, 0, 1.5, 0], "texture": "#0"},
				"south": {"uv": [0, 0, 4, 0], "texture": "#0"},
				"west": {"uv": [0, 0, 1.5, 0], "texture": "#0"},
				"up": {"uv": [8, 7.5, 4, 6], "texture": "#0"},
				"down": {"uv": [8, 7.5, 4, 9], "texture": "#0"}
			}
		}
	],
	"display": {
		"thirdperson_righthand": {
			"translation": [0, 2.5, 0]
		},
		"thirdperson_lefthand": {
			"translation": [0, 2.5, 0]
		},
		"firstperson_righthand": {
			"rotation": [0, 120, 0],
			"translation": [0, 4.5, 0],
			"scale": [0.9, 0.9, 0.9]
		},
		"firstperson_lefthand": {
			"rotation": [0, 120, 0],
			"translation": [0, 4.5, 0],
			"scale": [0.9, 0.9, 0.9]
		},
		"gui": {
			"rotation": [20, 140, 0],
			"translation": [0.5, 1, 0],
			"scale": [1.11, 1.11, 1.11]
		},
		"head": {
			"translation": [0, 8, 0],
			"scale": [1.75, 1.75, 1.75]
		}
	},
	"groups": [
		{
			"name": "group",
			"origin": [8, 8, 8],
			"color": 0,
			"children": []
		},
		{
			"name": "group",
			"origin": [8, 8, 8],
			"color": 0,
			"children": [0, 1, 2]
		}
	]
}