{
	"format_version": "1.21.6",
	"credit": "Made with Blockbench",
	"texture_size": [32, 32],
	"textures": {
		"1": "nodenium:item/nether_portal",
		"3": "nodenium:item/portal_trophy_3rd",
		"particle": "nodenium:item/nether_portal"
	},
	"elements": [
		{
			"from": [-2, 3, 8],
			"to": [18, 21, 8],
			"rotation": {"angle": 0, "axis": "y", "origin": [12, 2, 8]},
			"faces": {
				"north": {"uv": [0, 0, 10, 9], "texture": "#3"},
				"south": {"uv": [0, 0, 10, 9], "texture": "#3"}
			}
		},
		{
			"from": [5, 8, 7],
			"to": [11, 9, 9],
			"rotation": {"angle": 0, "axis": "y", "origin": [7, 7, 9]},
			"faces": {
				"north": {"uv": [2, 12, 5, 12.5], "texture": "#3"},
				"east": {"uv": [12, 6.5, 13, 7], "texture": "#3"},
				"south": {"uv": [12, 3, 15, 3.5], "texture": "#3"},
				"west": {"uv": [4, 12.5, 5, 13], "texture": "#3"},
				"up": {"uv": [13, 8, 10, 7], "texture": "#3"},
				"down": {"uv": [13, 8, 10, 9], "texture": "#3"}
			}
		},
		{
			"from": [5, 15, 7],
			"to": [11, 16, 9],
			"rotation": {"angle": 0, "axis": "y", "origin": [7, 14, 9]},
			"faces": {
				"north": {"uv": [12, 3.5, 15, 4], "texture": "#3"},
				"east": {"uv": [12.5, 9, 13.5, 9.5], "texture": "#3"},
				"south": {"uv": [12, 4, 15, 4.5], "texture": "#3"},
				"west": {"uv": [12.5, 9.5, 13.5, 10], "texture": "#3"},
				"up": {"uv": [9, 11.5, 6, 10.5], "texture": "#3"},
				"down": {"uv": [12, 10.5, 9, 11.5], "texture": "#3"}
			}
		},
		{
			"from": [10, 9, 7],
			"to": [11, 15, 9],
			"rotation": {"angle": 0, "axis": "y", "origin": [7, 15, 9]},
			"faces": {
				"north": {"uv": [5, 12, 5.5, 15], "texture": "#3"},
				"east": {"uv": [6, 11.5, 7, 14.5], "texture": "#3"},
				"south": {"uv": [5.5, 12, 6, 15], "texture": "#3"},
				"west": {"uv": [7, 11.5, 8, 14.5], "texture": "#3"},
				"up": {"uv": [13, 11, 12.5, 10], "texture": "#3"},
				"down": {"uv": [13, 11, 12.5, 12], "texture": "#3"}
			}
		},
		{
			"from": [5, 9, 7],
			"to": [6, 15, 9],
			"rotation": {"angle": 0, "axis": "y", "origin": [2, 15, 9]},
			"faces": {
				"north": {"uv": [12, 9, 12.5, 12], "texture": "#3"},
				"east": {"uv": [8, 11.5, 9, 14.5], "texture": "#3"},
				"south": {"uv": [12, 12, 12.5, 15], "texture": "#3"},
				"west": {"uv": [9, 11.5, 10, 14.5], "texture": "#3"},
				"up": {"uv": [13, 13, 12.5, 12], "texture": "#3"},
				"down": {"uv": [13.5, 0, 13, 1], "texture": "#3"}
			}
		},
		{
			"from": [5, 0, 5],
			"to": [11, 3, 11],
			"rotation": {"angle": 0, "axis": "y", "origin": [7, 0, 7]},
			"faces": {
				"north": {"uv": [6, 9, 9, 10.5], "texture": "#3"},
				"east": {"uv": [9, 9, 12, 10.5], "texture": "#3"},
				"south": {"uv": [10, 0, 13, 1.5], "texture": "#3"},
				"west": {"uv": [10, 1.5, 13, 3], "texture": "#3"},
				"up": {"uv": [3, 12, 0, 9], "texture": "#3"},
				"down": {"uv": [6, 9, 3, 12], "texture": "#3"}
			}
		},
		{
			"from": [6, 3, 6],
			"to": [10, 4, 10],
			"rotation": {"angle": 0, "axis": "y", "origin": [7, 3, 7]},
			"faces": {
				"north": {"uv": [12, 4.5, 14, 5], "texture": "#3"},
				"east": {"uv": [12, 5, 14, 5.5], "texture": "#3"},
				"south": {"uv": [12, 5.5, 14, 6], "texture": "#3"},
				"west": {"uv": [12, 6, 14, 6.5], "texture": "#3"},
				"up": {"uv": [12, 5, 10, 3], "texture": "#3"},
				"down": {"uv": [12, 5, 10, 7], "texture": "#3"}
			}
		},
		{
			"from": [7, 4, 7],
			"to": [9, 8, 9],
			"rotation": {"angle": 0, "axis": "y", "origin": [7, 4, 7]},
			"faces": {
				"north": {"uv": [10, 11.5, 11, 13.5], "texture": "#3"},
				"east": {"uv": [11, 11.5, 12, 13.5], "texture": "#3"},
				"south": {"uv": [0, 12, 1, 14], "texture": "#3"},
				"west": {"uv": [1, 12, 2, 14], "texture": "#3"},
				"up": {"uv": [3, 13.5, 2, 12.5], "texture": "#3"},
				"down": {"uv": [4, 12.5, 3, 13.5], "texture": "#3"}
			}
		},
		{
			"from": [6, 9, 8],
			"to": [10, 15, 8],
			"rotation": {"angle": 0, "axis": "y", "origin": [7, 9, 7]},
			"faces": {
				"north": {"uv": [3, 9, 7, 15], "texture": "#1"},
				"east": {"uv": [0, 0, 0, 3], "texture": "#1"},
				"south": {"uv": [3, 9, 7, 15], "texture": "#1"},
				"west": {"uv": [0, 0, 0, 3], "texture": "#1"},
				"up": {"uv": [2, 0, 0, 0], "texture": "#1"},
				"down": {"uv": [2, 0, 0, 0], "texture": "#1"}
			}
		}
	],
	"display": {
		"thirdperson_righthand": {
			"rotation": [50, 27, 0],
			"translation": [0, 0.5, 1],
			"scale": [0.7, 0.7, 0.7]
		},
		"thirdperson_lefthand": {
			"rotation": [50, 27, 0],
			"translation": [0, 0.5, 1],
			"scale": [0.7, 0.7, 0.7]
		},
		"firstperson_righthand": {
			"rotation": [0, 140, 0],
			"translation": [0, 2, 0],
			"scale": [0.4, 0.4, 0.4]
		},
		"firstperson_lefthand": {
			"rotation": [0, 140, 0],
			"translation": [0, 2, 0],
			"scale": [0.4, 0.4, 0.4]
		},
		"ground": {
			"translation": [0, 4, 0],
			"scale": [0.8, 0.8, 0.8]
		},
		"gui": {
			"rotation": [30, -135, 0],
			"translation": [0, -1.25, 0],
			"scale": [0.625, 0.625, 0.625]
		},
		"head": {
			"translation": [0, 14, 0]
		},
		"fixed": {
			"rotation": [-90, 0, 0],
			"translation": [0, 0, -16],
			"scale": [2, 2, 2]
		}
	},
	"groups": [
		{
			"name": "trophy",
			"origin": [12, 4, 8],
			"color": 0,
			"children": [0, 1, 2, 3, 4, 5, 6, 7]
		},
		8
	]
}