{
	"credit": "Made with Blockbench",
	"texture_size": [32, 32],
	"textures": {
		"1": "nodenium:item/scroll"
	},
	"elements": [
		{
			"from": [3, 0, 6],
			"to": [13, 3, 9],
			"rotation": {"angle": 0, "axis": "y", "origin": [3, 0, 7]},
			"faces": {
				"north": {"uv": [0, 8.5, 5, 10], "texture": "#1"},
				"east": {"uv": [10, 4.5, 11.5, 6], "texture": "#1"},
				"south": {"uv": [5, 8.5, 10, 10], "texture": "#1"},
				"west": {"uv": [5, 10, 6.5, 11.5], "texture": "#1"},
				"up": {"uv": [5, 11.5, 0, 10], "texture": "#1"},
				"down": {"uv": [15, 0, 10, 1.5], "texture": "#1"}
			}
		},
		{
			"from": [3, 14, 9],
			"to": [13, 17, 12],
			"rotation": {"angle": 0, "axis": "y", "origin": [3, 14, 10]},
			"faces": {
				"north": {"uv": [0, 5.5, 5, 7], "texture": "#1"},
				"east": {"uv": [10, 1.5, 11.5, 3], "texture": "#1"},
				"south": {"uv": [5, 5.5, 10, 7], "texture": "#1"},
				"west": {"uv": [10, 3, 11.5, 4.5], "texture": "#1"},
				"up": {"uv": [5, 8.5, 0, 7], "texture": "#1"},
				"down": {"uv": [10, 7, 5, 8.5], "texture": "#1"}
			}
		},
		{
			"from": [3, 3, 9],
			"to": [13, 14, 9],
			"rotation": {"angle": 0, "axis": "y", "origin": [3, 12, 7]},
			"faces": {
				"north": {"uv": [0, 0, 5, 5.5], "texture": "#1"},
				"east": {"uv": [0, 0, 0, 5.5], "texture": "#1"},
				"south": {"uv": [5, 0, 10, 5.5], "texture": "#1"},
				"west": {"uv": [0, 0, 0, 5.5], "texture": "#1"},
				"up": {"uv": [5, 0, 0, 0], "texture": "#1"},
				"down": {"uv": [5, 0, 0, 0], "texture": "#1"}
			}
		}
	],
	"display": {
		"thirdperson_righthand": {
			"rotation": [25, 180, 1],
			"translation": [0, 4.5, 2.25],
			"scale": [0.75, 0.75, 0.75]
		},
		"thirdperson_lefthand": {
			"rotation": [25, 180, 1],
			"translation": [0, 4.5, 2.25],
			"scale": [0.75, 0.75, 0.75]
		},
		"firstperson_righthand": {
			"rotation": [0, 130, 0],
			"scale": [0.4, 0.4, 0.4]
		},
		"firstperson_lefthand": {
			"rotation": [0, 130, 0],
			"scale": [0.4, 0.4, 0.4]
		},
		"ground": {
			"translation": [0, 4, 0],
			"scale": [0.5, 0.5, 0.5]
		},
		"gui": {
			"rotation": [30, 135, 0],
			"translation": [0, -0.5, 0],
			"scale": [0.7, 0.7, 0.7]
		},
		"fixed": {
			"translation": [0, -0.5, -1]
		}
	}
}