{
	"format_version": "1.21.6",
	"credit": "Made with Blockbench",
	"texture_size": [64, 64],
	"textures": {
		"2": "nodenium:item/teto_hair"
	},
	"elements": [
		{
			"from": [3.5, 3.5, 12.5],
			"to": [12.5, 12.5, 12.5],
			"rotation": {"angle": 0, "axis": "y", "origin": [6.5, 3.5, 6.5]},
			"faces": {
				"north": {"uv": [0, 2.25, 2.25, 4.5], "texture": "#2"},
				"east": {"uv": [0, 0, 0, 2.25], "texture": "#2"},
				"south": {"uv": [0, 2.25, 2.25, 4.5], "texture": "#2"},
				"west": {"uv": [0, 0, 0, 2.25], "texture": "#2"},
				"up": {"uv": [0, 0, 2.25, 0], "texture": "#2"},
				"down": {"uv": [0, 0, 2.25, 0], "texture": "#2"}
			}
		},
		{
			"from": [3.5, 12.5, 3.5],
			"to": [12.5, 12.5, 12.5],
			"rotation": {"angle": 0, "axis": "y", "origin": [6.5, 3.5, 6.5]},
			"faces": {
				"north": {"uv": [0, 0, 2.25, 0], "texture": "#2"},
				"east": {"uv": [0, 0, 2.25, 0], "texture": "#2"},
				"south": {"uv": [0, 0, 2.25, 0], "texture": "#2"},
				"west": {"uv": [0, 0, 2.25, 0], "texture": "#2"},
				"up": {"uv": [6.75, 4.5, 4.5, 2.25], "texture": "#2"},
				"down": {"uv": [4.5, 2.25, 6.75, 4.5], "texture": "#2"}
			}
		},
		{
			"from": [12.5, 3.5, 3.5],
			"to": [12.5, 12.5, 12.5],
			"rotation": {"angle": 0, "axis": "y", "origin": [6.5, 3.5, 6.5]},
			"faces": {
				"north": {"uv": [0, 0, 0, 2.25], "texture": "#2"},
				"east": {"uv": [2.25, 0, 4.5, 2.25], "texture": "#2"},
				"south": {"uv": [0, 0, 0, 2.25], "texture": "#2"},
				"west": {"uv": [2.25, 2.25, 4.5, 4.5], "texture": "#2"},
				"up": {"uv": [0, 0, 0, 2.25], "texture": "#2"},
				"down": {"uv": [0, 0, 0, 2.25], "texture": "#2"}
			}
		},
		{
			"from": [3.5, 3.5, 3.5],
			"to": [3.5, 12.5, 12.5],
			"rotation": {"angle": 0, "axis": "y", "origin": [-2.5, 3.5, 6.5]},
			"faces": {
				"north": {"uv": [0, 0, 0, 2.25], "texture": "#2"},
				"east": {"uv": [0, 4.5, 2.25, 6.75], "texture": "#2"},
				"south": {"uv": [0, 0, 0, 2.25], "texture": "#2"},
				"west": {"uv": [4.5, 0, 6.75, 2.25], "texture": "#2"},
				"up": {"uv": [0, 0, 0, 2.25], "texture": "#2"},
				"down": {"uv": [0, 0, 0, 2.25], "texture": "#2"}
			}
		},
		{
			"from": [3.5, 3.5, 3.5],
			"to": [12.5, 12.5, 3.5],
			"rotation": {"angle": 0, "axis": "y", "origin": [6.5, 3.5, 6.5]},
			"faces": {
				"north": {"uv": [0, 0, 2.25, 2.25], "texture": "#2"},
				"east": {"uv": [0, 0, 0, 2.25], "texture": "#2"},
				"south": {"uv": [0, 0, 2.25, 2.25], "texture": "#2"},
				"west": {"uv": [0, 0, 0, 2.25], "texture": "#2"},
				"up": {"uv": [2.25, 0, 0, 0], "texture": "#2"},
				"down": {"uv": [0, 0, 2.25, 0], "texture": "#2"}
			}
		},
		{
			"from": [-1, 9, 5.5],
			"to": [4, 12, 10.5],
			"rotation": {"angle": 0, "axis": "y", "origin": [0.5, 10, 8]},
			"faces": {
				"north": {"uv": [2, 6.75, 3.25, 7.5], "texture": "#2"},
				"east": {"uv": [6.75, 2, 8, 2.75], "texture": "#2"},
				"south": {"uv": [6.75, 2.75, 8, 3.5], "texture": "#2"},
				"west": {"uv": [3.25, 6.75, 4.5, 7.5], "texture": "#2"},
				"up": {"uv": [5.75, 5.75, 4.5, 4.5], "texture": "#2"},
				"down": {"uv": [5.75, 5.75, 4.5, 7], "texture": "#2"}
			}
		},
		{
			"from": [-0.5, 6, 6],
			"to": [3.5, 9, 10],
			"rotation": {"angle": 0, "axis": "y", "origin": [0, 7, 7.5]},
			"faces": {
				"north": {"uv": [5.75, 7, 6.75, 7.75], "texture": "#2"},
				"south": {"uv": [7, 5.75, 8, 6.5], "texture": "#2"},
				"west": {"uv": [7, 6.5, 8, 7.25], "texture": "#2"},
				"up": {"uv": [1, 7.75, 0, 6.75], "texture": "#2"},
				"down": {"uv": [7.75, 0, 6.75, 1], "texture": "#2"}
			}
		},
		{
			"from": [0.5, 4, 7],
			"to": [2.5, 6, 9],
			"rotation": {"angle": 0, "axis": "y", "origin": [0, 4, 7.5]},
			"faces": {
				"north": {"uv": [4, 7.5, 4.5, 8], "texture": "#2"},
				"east": {"uv": [7.75, 0, 8.25, 0.5], "texture": "#2"},
				"south": {"uv": [7.75, 0.5, 8.25, 1], "texture": "#2"},
				"west": {"uv": [0.75, 7.75, 1.25, 8.25], "texture": "#2"},
				"up": {"uv": [8.25, 1.5, 7.75, 1], "texture": "#2"},
				"down": {"uv": [1.75, 7.75, 1.25, 8.25], "texture": "#2"}
			}
		},
		{
			"from": [0.5, 3, 8],
			"to": [1.5, 4, 8],
			"rotation": {"angle": 0, "axis": "y", "origin": [1.5, 3, 8]},
			"faces": {
				"north": {"uv": [6.75, 4.25, 7, 4.5], "texture": "#2"},
				"east": {"uv": [0, 0, 0, 0.25], "texture": "#2"},
				"south": {"uv": [6.75, 7, 7, 7.25], "texture": "#2"},
				"west": {"uv": [0, 0, 0, 0.25], "texture": "#2"},
				"up": {"uv": [0.25, 0, 0, 0], "texture": "#2"},
				"down": {"uv": [0, 0, 0.25, 0], "texture": "#2"}
			}
		},
		{
			"from": [14.5, 3, 8],
			"to": [15.5, 4, 8],
			"rotation": {"angle": 0, "axis": "y", "origin": [15.5, 3, 8]},
			"faces": {
				"north": {"uv": [6.75, 4.25, 7, 4.5], "texture": "#2"},
				"east": {"uv": [0, 0, 0, 0.25], "texture": "#2"},
				"south": {"uv": [6.75, 7, 7, 7.25], "texture": "#2"},
				"west": {"uv": [0, 0, 0, 0.25], "texture": "#2"},
				"up": {"uv": [0, 0, 0.25, 0], "texture": "#2"},
				"down": {"uv": [0, 0, 0.25, 0], "texture": "#2"}
			}
		},
		{
			"from": [12, 9, 5.5],
			"to": [17, 12, 10.5],
			"rotation": {"angle": 0, "axis": "y", "origin": [15.5, 10, 8]},
			"faces": {
				"north": {"uv": [6.75, 3.5, 8, 4.25], "texture": "#2"},
				"east": {"uv": [7, 4.25, 8.25, 5], "texture": "#2"},
				"south": {"uv": [4.5, 7, 5.75, 7.75], "texture": "#2"},
				"west": {"uv": [7, 5, 8.25, 5.75], "texture": "#2"},
				"up": {"uv": [7, 5.75, 5.75, 4.5], "texture": "#2"},
				"down": {"uv": [7, 5.75, 5.75, 7], "texture": "#2"}
			}
		},
		{
			"from": [12.5, 6, 6],
			"to": [16.5, 9, 10],
			"rotation": {"angle": 0, "axis": "y", "origin": [16, 7, 7.5]},
			"faces": {
				"north": {"uv": [6.75, 7.25, 7.75, 8], "texture": "#2"},
				"east": {"uv": [2, 7.5, 3, 8.25], "texture": "#2"},
				"south": {"uv": [3, 7.5, 4, 8.25], "texture": "#2"},
				"up": {"uv": [2, 7.75, 1, 6.75], "texture": "#2"},
				"down": {"uv": [7.75, 1, 6.75, 2], "texture": "#2"}
			}
		},
		{
			"from": [13.5, 4, 7],
			"to": [15.5, 6, 9],
			"rotation": {"angle": 0, "axis": "y", "origin": [16, 4, 7.5]},
			"faces": {
				"north": {"uv": [7.75, 1.5, 8.25, 2], "texture": "#2"},
				"east": {"uv": [4.5, 7.75, 5, 8.25], "texture": "#2"},
				"south": {"uv": [5, 7.75, 5.5, 8.25], "texture": "#2"},
				"west": {"uv": [5.5, 7.75, 6, 8.25], "texture": "#2"},
				"up": {"uv": [6.5, 8.25, 6, 7.75], "texture": "#2"},
				"down": {"uv": [8.25, 7.25, 7.75, 7.75], "texture": "#2"}
			}
		},
		{
			"from": [6.5, 12.4763, 7.28356],
			"to": [9.5, 16.4763, 7.28356],
			"rotation": {"angle": -12.5, "axis": "x", "origin": [7.5, 13.4763, 7.28356]},
			"faces": {
				"north": {"uv": [0, 7.75, 0.75, 8.75], "texture": "#2"},
				"east": {"uv": [0, 0, 0, 1], "texture": "#2"},
				"south": {"uv": [0.75, 7.75, 0, 8.75], "texture": "#2"},
				"west": {"uv": [0, 0, 0, 1], "texture": "#2"},
				"up": {"uv": [0.75, 0, 0, 0], "texture": "#2"},
				"down": {"uv": [0, 0, 0.75, 0], "texture": "#2"}
			}
		},
		{
			"from": [3.5, 3.499, 3.5],
			"to": [12.5, 3.499, 12.5],
			"rotation": {"angle": 0, "axis": "y", "origin": [7.5, 3.499, 10.5]},
			"faces": {
				"north": {"uv": [0, 0, 2.25, 0], "texture": "#2"},
				"east": {"uv": [0, 0, 2.25, 0], "texture": "#2"},
				"south": {"uv": [0, 0, 2.25, 0], "texture": "#2"},
				"west": {"uv": [0, 0, 2.25, 0], "texture": "#2"},
				"up": {"uv": [4.5, 6.75, 2.25, 4.5], "texture": "#2"},
				"down": {"uv": [2.25, 4.5, 4.5, 6.75], "texture": "#2"}
			}
		}
	],
	"gui_light": "front",
	"display": {
		"thirdperson_righthand": {
			"rotation": [75, 45, 0],
			"translation": [0, 2.5, 0],
			"scale": [0.375, 0.375, 0.375]
		},
		"thirdperson_lefthand": {
			"rotation": [75, 45, 0],
			"translation": [0, 2.5, 0],
			"scale": [0.375, 0.375, 0.375]
		},
		"firstperson_righthand": {
			"rotation": [0, 135, 0],
			"translation": [0, 4, 0],
			"scale": [0.4, 0.4, 0.4]
		},
		"firstperson_lefthand": {
			"rotation": [0, 135, 0],
			"translation": [0, 4, 0],
			"scale": [0.4, 0.4, 0.4]
		},
		"ground": {
			"translation": [0, 3, 0],
			"scale": [0.5, 0.5, 0.5]
		},
		"gui": {
			"rotation": [30, -180, 0],
			"scale": [0.7, 0.7, 0.7]
		},
		"head": {
			"scale": [1.7, 1.7, 1.7]
		},
		"fixed": {
			"scale": [0.5, 0.5, 0.5]
		}
	},
	"groups": [
		0,
		1,
		2,
		3,
		4,
		{
			"name": "group",
			"origin": [1, 11, 10.5],
			"color": 0,
			"children": []
		},
		{
			"name": "group",
			"origin": [-0.5, 10, 8],
			"color": 0,
			"children": [5, 6, 7, 8, 9, 10, 11, 12, 13]
		},
		14
	]
}