{
	"credit": "Made with Blockbench",
	"texture_size": [32, 32],
	"textures": {
		"23": "nodenium:item/trumpet"
	},
	"elements": [
		{
			"from": [11.75, 6.5, 5.2625],
			"to": [13.75, 10.5, 9.2625],
			"rotation": {"angle": 0, "axis": "y", "origin": [12.75, 7.5, 7.2625]},
			"faces": {
				"north": {"uv": [5, 4.5, 6, 6.5], "texture": "#23"},
				"east": {"uv": [0, 0, 2, 2], "texture": "#23"},
				"south": {"uv": [0, 5.5, 1, 7.5], "texture": "#23"},
				"west": {"uv": [0, 2, 2, 4], "texture": "#23"},
				"up": {"uv": [6.5, 2, 5.5, 0], "texture": "#23"},
				"down": {"uv": [2, 5.5, 1, 7.5], "texture": "#23"}
			}
		},
		{
			"from": [9.75, 7.5, 6.2625],
			"to": [11.75, 9.5, 8.2625],
			"rotation": {"angle": 0, "axis": "y", "origin": [9.75, 7.5, 6.2625]},
			"faces": {
				"north": {"uv": [6.5, 0, 7.5, 1], "texture": "#23"},
				"east": {"uv": [6.5, 1, 7.5, 2], "texture": "#23"},
				"south": {"uv": [6.5, 7, 7.5, 8], "texture": "#23"},
				"west": {"uv": [0, 7.5, 1, 8.5], "texture": "#23"},
				"up": {"uv": [8.5, 1, 7.5, 0], "texture": "#23"},
				"down": {"uv": [2, 7.5, 1, 8.5], "texture": "#23"}
			}
		},
		{
			"from": [3.25, 7.75, 6.5125],
			"to": [9.75, 9.25, 8.0125],
			"rotation": {"angle": 0, "axis": "y", "origin": [5.75, 7.5, 6.2625]},
			"faces": {
				"north": {"uv": [2, 0, 5.5, 1], "texture": "#23"},
				"east": {"uv": [7.5, 1, 8.5, 2], "texture": "#23"},
				"south": {"uv": [2, 1, 5.5, 2], "texture": "#23"},
				"west": {"uv": [7.5, 4.5, 8.5, 5.5], "texture": "#23"},
				"up": {"uv": [5.5, 3, 2, 2], "texture": "#23"},
				"down": {"uv": [5.5, 3, 2, 4], "texture": "#23"}
			}
		},
		{
			"from": [1.25, 8, 8.2625],
			"to": [10.75, 9, 9.2625],
			"rotation": {"angle": 0, "axis": "y", "origin": [5.75, 8, 8.2625]},
			"faces": {
				"north": {"uv": [0, 4, 5, 4.5], "texture": "#23"},
				"east": {"uv": [4.5, 9, 5, 9.5], "texture": "#23"},
				"south": {"uv": [0, 4.5, 5, 5], "texture": "#23"},
				"west": {"uv": [9, 4.5, 9.5, 5], "texture": "#23"},
				"up": {"uv": [5, 5.5, 0, 5], "texture": "#23"},
				"down": {"uv": [10, 4, 5, 4.5], "texture": "#23"}
			}
		},
		{
			"from": [3.25, 5.5, 7.5125],
			"to": [10.5, 6.5, 8.5125],
			"rotation": {"angle": 0, "axis": "y", "origin": [5.5, 5.5, 7.5125]},
			"faces": {
				"north": {"uv": [5.5, 2, 9, 2.5], "texture": "#23"},
				"east": {"uv": [5, 9, 5.5, 9.5], "texture": "#23"},
				"south": {"uv": [5.5, 2.5, 9, 3], "texture": "#23"},
				"west": {"uv": [9, 5, 9.5, 5.5], "texture": "#23"},
				"up": {"uv": [9, 3.5, 5.5, 3], "texture": "#23"},
				"down": {"uv": [9, 3.5, 5.5, 4], "texture": "#23"}
			}
		},
		{
			"from": [6.75, 5.75, 8.5125],
			"to": [10.5, 6.25, 9.0125],
			"rotation": {"angle": 0, "axis": "y", "origin": [5.5, 5.75, 8.5125]},
			"faces": {
				"north": {"uv": [7.5, 5.5, 9.5, 6], "texture": "#23"},
				"east": {"uv": [9.5, 6, 10, 6.5], "texture": "#23"},
				"south": {"uv": [7.5, 6, 9.5, 6.5], "texture": "#23"},
				"west": {"uv": [6.5, 9.5, 7, 10], "texture": "#23"},
				"up": {"uv": [9.5, 7, 7.5, 6.5], "texture": "#23"},
				"down": {"uv": [9.5, 7, 7.5, 7.5], "texture": "#23"}
			}
		},
		{
			"from": [3.25, 5.75, 7.0125],
			"to": [6.75, 6.25, 7.5125],
			"rotation": {"angle": 0, "axis": "y", "origin": [2, 5.75, 7.0125]},
			"faces": {
				"north": {"uv": [7.5, 7.5, 9.5, 8], "texture": "#23"},
				"east": {"uv": [9.5, 6.5, 10, 7], "texture": "#23"},
				"south": {"uv": [2, 8, 4, 8.5], "texture": "#23"},
				"west": {"uv": [7, 9.5, 7.5, 10], "texture": "#23"},
				"up": {"uv": [8.5, 8.5, 6.5, 8], "texture": "#23"},
				"down": {"uv": [2, 8.5, 0, 9], "texture": "#23"}
			}
		},
		{
			"from": [10.25, 6, 8.2625],
			"to": [11.75, 6.75, 9.2625],
			"rotation": {"angle": 45, "axis": "z", "origin": [11, 6, 8.7625]},
			"faces": {
				"north": {"uv": [8.5, 1, 9.5, 1.5], "texture": "#23"},
				"east": {"uv": [5.5, 9, 6, 9.5], "texture": "#23"},
				"south": {"uv": [8.5, 1.5, 9.5, 2], "texture": "#23"},
				"west": {"uv": [9, 8, 9.5, 8.5], "texture": "#23"},
				"up": {"uv": [3, 9, 2, 8.5], "texture": "#23"},
				"down": {"uv": [4, 8.5, 3, 9], "texture": "#23"}
			}
		},
		{
			"from": [10.5, 6.5, 8.2625],
			"to": [11.5, 8.25, 9.2625],
			"rotation": {"angle": 0, "axis": "y", "origin": [11, 7.25, 8.7625]},
			"faces": {
				"north": {"uv": [8.5, 4.5, 9, 5.5], "texture": "#23"},
				"east": {"uv": [6.5, 8.5, 7, 9.5], "texture": "#23"},
				"south": {"uv": [7, 8.5, 7.5, 9.5], "texture": "#23"},
				"west": {"uv": [7.5, 8.5, 8, 9.5], "texture": "#23"},
				"up": {"uv": [10, 2, 9.5, 1.5], "texture": "#23"},
				"down": {"uv": [10, 2, 9.5, 2.5], "texture": "#23"}
			}
		},
		{
			"from": [10.25, 7.75, 8.2625],
			"to": [11.25, 8.75, 9.2625],
			"rotation": {"angle": 45, "axis": "z", "origin": [10.75, 8.25, 8.7625]},
			"faces": {
				"north": {"uv": [8.5, 9, 9, 9.5], "texture": "#23"},
				"east": {"uv": [9, 8.5, 9.5, 9], "texture": "#23"},
				"south": {"uv": [9, 9, 9.5, 9.5], "texture": "#23"},
				"west": {"uv": [9.5, 0, 10, 0.5], "texture": "#23"},
				"up": {"uv": [10, 1, 9.5, 0.5], "texture": "#23"},
				"down": {"uv": [10, 1, 9.5, 1.5], "texture": "#23"}
			}
		},
		{
			"from": [2.5, 6.26517, 6.7375],
			"to": [3.5, 8.01517, 7.7375],
			"rotation": {"angle": 0, "axis": "y", "origin": [2.86742, 7.25758, 7.2375]},
			"faces": {
				"north": {"uv": [8, 8.5, 8.5, 9.5], "texture": "#23"},
				"east": {"uv": [8.5, 8, 9, 9], "texture": "#23"},
				"south": {"uv": [0, 9, 0.5, 10], "texture": "#23"},
				"west": {"uv": [0.5, 9, 1, 10], "texture": "#23"},
				"up": {"uv": [4.5, 10, 4, 9.5], "texture": "#23"},
				"down": {"uv": [5, 9.5, 4.5, 10], "texture": "#23"}
			}
		},
		{
			"from": [3.48614, 5.97281, 6.7375],
			"to": [4.48614, 6.97281, 7.7375],
			"rotation": {"angle": -45, "axis": "z", "origin": [3.36742, 7.25758, 7.2375]},
			"faces": {
				"north": {"uv": [2.5, 9.5, 3, 10], "texture": "#23"},
				"east": {"uv": [9.5, 2.5, 10, 3], "texture": "#23"},
				"south": {"uv": [3, 9.5, 3.5, 10], "texture": "#23"},
				"west": {"uv": [9.5, 3, 10, 3.5], "texture": "#23"},
				"up": {"uv": [4, 10, 3.5, 9.5], "texture": "#23"},
				"down": {"uv": [10, 3.5, 9.5, 4], "texture": "#23"}
			}
		},
		{
			"from": [2.73614, 7.47281, 6.7375],
			"to": [3.73614, 8.47281, 7.7375],
			"rotation": {"angle": 45, "axis": "z", "origin": [3.23614, 7.97281, 7.2375]},
			"faces": {
				"north": {"uv": [9.5, 4.5, 10, 5], "texture": "#23"},
				"east": {"uv": [5, 9.5, 5.5, 10], "texture": "#23"},
				"south": {"uv": [9.5, 5, 10, 5.5], "texture": "#23"},
				"west": {"uv": [5.5, 9.5, 6, 10], "texture": "#23"},
				"up": {"uv": [10, 6, 9.5, 5.5], "texture": "#23"},
				"down": {"uv": [6.5, 9.5, 6, 10], "texture": "#23"}
			}
		},
		{
			"from": [6.75, 5, 7.5125],
			"to": [7.75, 10, 8.5125],
			"rotation": {"angle": 0, "axis": "y", "origin": [6.75, 6, 7.5125]},
			"faces": {
				"north": {"uv": [2, 5.5, 2.5, 8], "texture": "#23"},
				"east": {"uv": [2.5, 5.5, 3, 8], "texture": "#23"},
				"south": {"uv": [3, 5.5, 3.5, 8], "texture": "#23"},
				"west": {"uv": [3.5, 5.5, 4, 8], "texture": "#23"},
				"up": {"uv": [10, 7.5, 9.5, 7], "texture": "#23"},
				"down": {"uv": [8, 9.5, 7.5, 10], "texture": "#23"}
			}
		},
		{
			"from": [5.5, 5, 7.5125],
			"to": [6.5, 10, 8.5125],
			"rotation": {"angle": 0, "axis": "y", "origin": [5.5, 6, 7.5125]},
			"faces": {
				"north": {"uv": [5, 6.5, 5.5, 9], "texture": "#23"},
				"east": {"uv": [5.5, 6.5, 6, 9], "texture": "#23"},
				"south": {"uv": [7, 4.5, 7.5, 7], "texture": "#23"},
				"west": {"uv": [6, 7, 6.5, 9.5], "texture": "#23"},
				"up": {"uv": [10, 8.5, 9.5, 8], "texture": "#23"},
				"down": {"uv": [9, 9.5, 8.5, 10], "texture": "#23"}
			}
		},
		{
			"from": [5.75, 10, 7.7625],
			"to": [6.25, 10.25, 8.2625],
			"rotation": {"angle": 0, "axis": "y", "origin": [5.5, 11, 7.5125]},
			"faces": {
				"north": {"uv": [2.5, 9, 3, 9.5], "texture": "#23"},
				"east": {"uv": [3, 9, 3.5, 9.5], "texture": "#23"},
				"south": {"uv": [9, 3, 9.5, 3.5], "texture": "#23"},
				"west": {"uv": [3.5, 9, 4, 9.5], "texture": "#23"},
				"up": {"uv": [9.5, 4, 9, 3.5], "texture": "#23"},
				"down": {"uv": [4.5, 9, 4, 9.5], "texture": "#23"}
			}
		},
		{
			"from": [7, 10, 7.7625],
			"to": [7.5, 10.25, 8.2625],
			"rotation": {"angle": 0, "axis": "y", "origin": [6.75, 11, 7.5125]},
			"faces": {
				"north": {"uv": [9.5, 8.5, 10, 9], "texture": "#23"},
				"east": {"uv": [9, 9.5, 9.5, 10], "texture": "#23"},
				"south": {"uv": [9.5, 9, 10, 9.5], "texture": "#23"},
				"west": {"uv": [9.5, 9.5, 10, 10], "texture": "#23"},
				"up": {"uv": [0.5, 10.5, 0, 10], "texture": "#23"},
				"down": {"uv": [10.5, 0, 10, 0.5], "texture": "#23"}
			}
		},
		{
			"from": [8.25, 10, 7.7625],
			"to": [8.75, 10.25, 8.2625],
			"rotation": {"angle": 0, "axis": "y", "origin": [8, 11, 7.5125]},
			"faces": {
				"north": {"uv": [0.5, 10, 1, 10.5], "texture": "#23"},
				"east": {"uv": [10, 0.5, 10.5, 1], "texture": "#23"},
				"south": {"uv": [1, 10, 1.5, 10.5], "texture": "#23"},
				"west": {"uv": [10, 1, 10.5, 1.5], "texture": "#23"},
				"up": {"uv": [2, 10.5, 1.5, 10], "texture": "#23"},
				"down": {"uv": [10.5, 1.5, 10, 2], "texture": "#23"}
			}
		},
		{
			"from": [5.5, 10.25, 7.5125],
			"to": [6.5, 10.5, 8.5125],
			"rotation": {"angle": 0, "axis": "y", "origin": [5.5, 11.25, 7.5125]},
			"faces": {
				"north": {"uv": [5, 10, 5.5, 10.5], "texture": "#23"},
				"east": {"uv": [10, 5, 10.5, 5.5], "texture": "#23"},
				"south": {"uv": [5.5, 10, 6, 10.5], "texture": "#23"},
				"west": {"uv": [10, 5.5, 10.5, 6], "texture": "#23"},
				"up": {"uv": [6.5, 10.5, 6, 10], "texture": "#23"},
				"down": {"uv": [10.5, 6, 10, 6.5], "texture": "#23"}
			}
		},
		{
			"from": [6.75, 10.25, 7.5125],
			"to": [7.75, 10.5, 8.5125],
			"rotation": {"angle": 0, "axis": "y", "origin": [6.75, 11.25, 7.5125]},
			"faces": {
				"north": {"uv": [3.5, 10, 4, 10.5], "texture": "#23"},
				"east": {"uv": [10, 3.5, 10.5, 4], "texture": "#23"},
				"south": {"uv": [4, 10, 4.5, 10.5], "texture": "#23"},
				"west": {"uv": [10, 4, 10.5, 4.5], "texture": "#23"},
				"up": {"uv": [5, 10.5, 4.5, 10], "texture": "#23"},
				"down": {"uv": [10.5, 4.5, 10, 5], "texture": "#23"}
			}
		},
		{
			"from": [8, 10.25, 7.5125],
			"to": [9, 10.5, 8.5125],
			"rotation": {"angle": 0, "axis": "y", "origin": [8, 11.25, 7.5125]},
			"faces": {
				"north": {"uv": [2, 10, 2.5, 10.5], "texture": "#23"},
				"east": {"uv": [10, 2, 10.5, 2.5], "texture": "#23"},
				"south": {"uv": [2.5, 10, 3, 10.5], "texture": "#23"},
				"west": {"uv": [10, 2.5, 10.5, 3], "texture": "#23"},
				"up": {"uv": [3.5, 10.5, 3, 10], "texture": "#23"},
				"down": {"uv": [10.5, 3, 10, 3.5], "texture": "#23"}
			}
		},
		{
			"from": [8, 5, 7.5125],
			"to": [9, 10, 8.5125],
			"rotation": {"angle": 0, "axis": "y", "origin": [8, 6, 7.5125]},
			"faces": {
				"north": {"uv": [4, 5.5, 4.5, 8], "texture": "#23"},
				"east": {"uv": [4.5, 5.5, 5, 8], "texture": "#23"},
				"south": {"uv": [6, 4.5, 6.5, 7], "texture": "#23"},
				"west": {"uv": [6.5, 4.5, 7, 7], "texture": "#23"},
				"up": {"uv": [10, 8, 9.5, 7.5], "texture": "#23"},
				"down": {"uv": [8.5, 9.5, 8, 10], "texture": "#23"}
			}
		},
		{
			"from": [0.75, 7.5, 7.7625],
			"to": [1.75, 9.5, 9.7625],
			"rotation": {"angle": 0, "axis": "y", "origin": [-0.25, 7.5, 7.7625]},
			"faces": {
				"north": {"uv": [1, 9, 1.5, 10], "texture": "#23"},
				"east": {"uv": [4, 8, 5, 9], "texture": "#23"},
				"south": {"uv": [1.5, 9, 2, 10], "texture": "#23"},
				"west": {"uv": [8.5, 0, 9.5, 1], "texture": "#23"},
				"up": {"uv": [2.5, 10, 2, 9], "texture": "#23"},
				"down": {"uv": [9.5, 2, 9, 3], "texture": "#23"}
			}
		}
	],
	"display": {
		"thirdperson_righthand": {
			"rotation": [-11, 60, 11],
			"translation": [0, 2, 0]
		},
		"thirdperson_lefthand": {
			"rotation": [-11, -120, -11],
			"translation": [0, 2, 0]
		},
		"firstperson_righthand": {
			"rotation": [0, 90, 7],
			"translation": [6, 0, -6]
		},
		"firstperson_lefthand": {
			"rotation": [-25, -118, 7]
		},
		"ground": {
			"translation": [1.25, 2.5, -0.5]
		},
		"gui": {
			"rotation": [0, 4, 45],
			"translation": [0.5, 0, 0],
			"scale": [1.25, 1.25, 1.25]
		},
		"head": {
			"rotation": [5, 90, 0],
			"translation": [-0.5, 9.25, -6.5]
		},
		"fixed": {
			"rotation": [0, 180, 45],
			"scale": [1.5, 1.5, 1.5]
		}
	}
}