{
	"format_version": "1.21.6",
	"credit": "Made with Blockbench",
	"textures": {
		"1": "nodenium:item/trophy",
		"5": "nodenium:item/zombie_sword",
		"particle": "nodenium:item/trophy"
	},
	"elements": [
		{
			"from": [4.5, 7, 4.5],
			"to": [11.5, 9, 11.5],
			"rotation": {"angle": 0, "axis": "y", "origin": [8, 13, 8]},
			"faces": {
				"north": {"uv": [5.75, 5.75, 7.5, 6.25], "texture": "#1"},
				"east": {"uv": [0, 6, 1.75, 6.5], "texture": "#1"},
				"south": {"uv": [6, 2.25, 7.75, 2.75], "texture": "#1"},
				"west": {"uv": [6, 2.75, 7.75, 3.25], "texture": "#1"},
				"up": {"uv": [1.75, 1.75, 0, 0], "texture": "#1"},
				"down": {"uv": [1.75, 1.75, 0, 3.5], "texture": "#1"}
			}
		},
		{
			"from": [5.5, 6, 5.5],
			"to": [10.5, 7, 10.5],
			"rotation": {"angle": 0, "axis": "y", "origin": [7, 12, 9]},
			"faces": {
				"north": {"uv": [0, 6.5, 1.25, 6.75], "texture": "#1"},
				"east": {"uv": [6.5, 6.25, 7.75, 6.5], "texture": "#1"},
				"south": {"uv": [6.5, 6.5, 7.75, 6.75], "texture": "#1"},
				"west": {"uv": [0, 6.75, 1.25, 7], "texture": "#1"},
				"up": {"uv": [4.75, 3.75, 3.5, 2.5], "texture": "#1"},
				"down": {"uv": [4.75, 3.75, 3.5, 5], "texture": "#1"}
			}
		},
		{
			"from": [4.5, 0, 4.5],
			"to": [11.5, 3, 11.5],
			"rotation": {"angle": 0, "axis": "y", "origin": [7, 12, 9]},
			"faces": {
				"north": {"uv": [5, 5, 6.75, 5.75], "texture": "#1"},
				"east": {"uv": [5.25, 0, 7, 0.75], "texture": "#1"},
				"south": {"uv": [5.25, 0.75, 7, 1.5], "texture": "#1"},
				"west": {"uv": [5.25, 1.5, 7, 2.25], "texture": "#1"},
				"up": {"uv": [3.5, 1.75, 1.75, 0], "texture": "#1"},
				"down": {"uv": [3.5, 1.75, 1.75, 3.5], "texture": "#1"}
			}
		},
		{
			"from": [5.5, 3, 5.5],
			"to": [10.5, 4, 10.5],
			"rotation": {"angle": 0, "axis": "y", "origin": [8, 12, 10]},
			"faces": {
				"north": {"uv": [1.25, 6.75, 2.5, 7], "texture": "#1"},
				"east": {"uv": [2.5, 6.75, 3.75, 7], "texture": "#1"},
				"south": {"uv": [6.75, 3.25, 8, 3.5], "texture": "#1"},
				"west": {"uv": [6.75, 3.5, 8, 3.75], "texture": "#1"},
				"up": {"uv": [1.25, 6, 0, 4.75], "texture": "#1"},
				"down": {"uv": [2.5, 4.75, 1.25, 6], "texture": "#1"}
			}
		},
		{
			"from": [4.5, 9, 4.5],
			"to": [11.5, 14, 5.5],
			"rotation": {"angle": 0, "axis": "y", "origin": [8, 11, 9]},
			"faces": {
				"north": {"uv": [0, 3.5, 1.75, 4.75], "texture": "#1"},
				"east": {"uv": [4.75, 6.25, 5, 7.5], "texture": "#1"},
				"south": {"uv": [3.5, 0, 5.25, 1.25], "texture": "#1"},
				"west": {"uv": [3.75, 6.75, 4, 8], "texture": "#1"},
				"up": {"uv": [7.75, 4.25, 6, 4], "texture": "#1"},
				"down": {"uv": [7.75, 4.25, 6, 4.5], "texture": "#1"}
			}
		},
		{
			"from": [4.5, 9, 10.5],
			"to": [11.5, 14, 11.5],
			"rotation": {"angle": 0, "axis": "y", "origin": [8, 11, 7]},
			"faces": {
				"north": {"uv": [3.5, 1.25, 5.25, 2.5], "texture": "#1"},
				"east": {"uv": [4, 6.75, 4.25, 8], "texture": "#1"},
				"south": {"uv": [1.75, 3.5, 3.5, 4.75], "texture": "#1"},
				"west": {"uv": [4.25, 6.75, 4.5, 8], "texture": "#1"},
				"up": {"uv": [7.75, 4.75, 6, 4.5], "texture": "#1"},
				"down": {"uv": [7.75, 4.75, 6, 5], "texture": "#1"}
			}
		},
		{
			"from": [10.5, 9, 5.5],
			"to": [11.5, 14, 10.5],
			"rotation": {"angle": 0, "axis": "y", "origin": [7, 11, 8]},
			"faces": {
				"north": {"uv": [4.5, 6.75, 4.75, 8], "texture": "#1"},
				"east": {"uv": [4.75, 2.5, 6, 3.75], "texture": "#1"},
				"south": {"uv": [5.75, 6.75, 6, 8], "texture": "#1"},
				"west": {"uv": [4.75, 3.75, 6, 5], "texture": "#1"},
				"up": {"uv": [6.25, 8, 6, 6.75], "texture": "#1"},
				"down": {"uv": [6.5, 6.75, 6.25, 8], "texture": "#1"}
			}
		},
		{
			"from": [4.5, 9, 5.5],
			"to": [5.5, 14, 10.5],
			"rotation": {"angle": 0, "axis": "y", "origin": [9, 11, 8]},
			"faces": {
				"north": {"uv": [6.5, 6.75, 6.75, 8], "texture": "#1"},
				"east": {"uv": [2.5, 5, 3.75, 6.25], "texture": "#1"},
				"south": {"uv": [6.75, 6.75, 7, 8], "texture": "#1"},
				"west": {"uv": [3.75, 5, 5, 6.25], "texture": "#1"},
				"up": {"uv": [0.25, 8.25, 0, 7], "texture": "#1"},
				"down": {"uv": [7.25, 0, 7, 1.25], "texture": "#1"}
			}
		},
		{
			"from": [6.5, 4, 6.5],
			"to": [9.5, 6, 9.5],
			"rotation": {"angle": 0, "axis": "y", "origin": [-2.5, 7, 6.5]},
			"faces": {
				"north": {"uv": [2.5, 6.25, 3.25, 6.75], "texture": "#1"},
				"east": {"uv": [3.25, 6.25, 4, 6.75], "texture": "#1"},
				"south": {"uv": [4, 6.25, 4.75, 6.75], "texture": "#1"},
				"west": {"uv": [5.75, 6.25, 6.5, 6.75], "texture": "#1"},
				"up": {"uv": [2.5, 6.75, 1.75, 6], "texture": "#1"},
				"down": {"uv": [6.75, 3.25, 6, 4], "texture": "#1"}
			}
		},
		{
			"from": [1.5, 7, 8],
			"to": [4.5, 14, 8],
			"rotation": {"angle": 0, "axis": "y", "origin": [2.5, 7, 8]},
			"faces": {
				"north": {"uv": [5, 5.75, 5.75, 7.5], "texture": "#1"},
				"south": {"uv": [5.75, 5.75, 5, 7.5], "texture": "#1"}
			}
		},
		{
			"from": [11.5, 7, 8],
			"to": [14.5, 14, 8],
			"rotation": {"angle": 0, "axis": "y", "origin": [12.5, 7, 8]},
			"faces": {
				"north": {"uv": [5.75, 5.75, 5, 7.5], "texture": "#1"},
				"south": {"uv": [5, 5.75, 5.75, 7.5], "texture": "#1"}
			}
		},
		{
			"from": [3, 9, 7.5],
			"to": [6, 18, 8.5],
			"rotation": {"angle": 22.5, "axis": "z", "origin": [4.5, 17.875, 8]},
			"faces": {
				"north": {"uv": [0, 0, 3, 9], "texture": "#5"},
				"east": {"uv": [6, 6, 7, 15], "texture": "#5"},
				"south": {"uv": [3, 0, 6, 9], "texture": "#5"},
				"west": {"uv": [7, 6, 8, 15], "texture": "#5"},
				"up": {"uv": [5, 10, 2, 9], "texture": "#5"},
				"down": {"uv": [5, 10, 2, 11], "texture": "#5"}
			}
		},
		{
			"from": [2, 18, 6.5],
			"to": [7, 19, 9.5],
			"rotation": {"angle": 22.5, "axis": "z", "origin": [4.5, 17.875, 8]},
			"faces": {
				"north": {"uv": [8, 6, 13, 7], "texture": "#5"},
				"east": {"uv": [8, 10, 11, 11], "texture": "#5"},
				"south": {"uv": [8, 7, 13, 8], "texture": "#5"},
				"west": {"uv": [10, 8, 13, 9], "texture": "#5"},
				"up": {"uv": [11, 3, 6, 0], "texture": "#5"},
				"down": {"uv": [11, 3, 6, 6], "texture": "#5"}
			}
		},
		{
			"from": [4, 19, 7.5],
			"to": [5, 22, 8.5],
			"rotation": {"angle": 22.5, "axis": "z", "origin": [4.5, 17.875, 8]},
			"faces": {
				"north": {"uv": [5, 9, 6, 12], "texture": "#5"},
				"east": {"uv": [0, 11, 1, 14], "texture": "#5"},
				"south": {"uv": [11, 0, 12, 3], "texture": "#5"},
				"west": {"uv": [1, 11, 2, 14], "texture": "#5"},
				"up": {"uv": [5, 12, 4, 11], "texture": "#5"},
				"down": {"uv": [12, 4, 11, 5], "texture": "#5"}
			}
		},
		{
			"from": [0.40641, 19.96859, 7.5],
			"to": [2.40641, 21.96859, 8.5],
			"rotation": {"angle": -22.5, "axis": "z", "origin": [4.5, 17.875, 8]},
			"faces": {
				"north": {"uv": [8, 8, 10, 10], "texture": "#5"},
				"east": {"uv": [2, 11, 3, 13], "texture": "#5"},
				"south": {"uv": [0, 9, 2, 11], "texture": "#5"},
				"west": {"uv": [3, 11, 4, 13], "texture": "#5"},
				"up": {"uv": [12, 10, 10, 9], "texture": "#5"},
				"down": {"uv": [13, 3, 11, 4], "texture": "#5"}
			}
		},
		{
			"from": [10, 9, 7.5],
			"to": [13, 18, 8.5],
			"rotation": {"angle": -22.5, "axis": "z", "origin": [11.5, 17.875, 8]},
			"faces": {
				"north": {"uv": [0, 9, 3, 0], "rotation": 180, "texture": "#5"},
				"east": {"uv": [7, 15, 8, 6], "rotation": 180, "texture": "#5"},
				"south": {"uv": [3, 9, 6, 0], "rotation": 180, "texture": "#5"},
				"west": {"uv": [6, 15, 7, 6], "rotation": 180, "texture": "#5"},
				"up": {"uv": [5, 9, 2, 10], "rotation": 180, "texture": "#5"},
				"down": {"uv": [5, 11, 2, 10], "rotation": 180, "texture": "#5"}
			}
		},
		{
			"from": [9, 18, 6.5],
			"to": [14, 19, 9.5],
			"rotation": {"angle": -22.5, "axis": "z", "origin": [11.5, 17.875, 8]},
			"faces": {
				"north": {"uv": [8, 7, 13, 6], "rotation": 180, "texture": "#5"},
				"east": {"uv": [10, 9, 13, 8], "rotation": 180, "texture": "#5"},
				"south": {"uv": [8, 8, 13, 7], "rotation": 180, "texture": "#5"},
				"west": {"uv": [8, 11, 11, 10], "rotation": 180, "texture": "#5"},
				"up": {"uv": [11, 0, 6, 3], "rotation": 180, "texture": "#5"},
				"down": {"uv": [11, 6, 6, 3], "rotation": 180, "texture": "#5"}
			}
		},
		{
			"from": [11, 19, 7.5],
			"to": [12, 22, 8.5],
			"rotation": {"angle": -22.5, "axis": "z", "origin": [11.5, 17.875, 8]},
			"faces": {
				"north": {"uv": [5, 12, 6, 9], "rotation": 180, "texture": "#5"},
				"east": {"uv": [1, 14, 2, 11], "rotation": 180, "texture": "#5"},
				"south": {"uv": [11, 3, 12, 0], "rotation": 180, "texture": "#5"},
				"west": {"uv": [0, 14, 1, 11], "rotation": 180, "texture": "#5"},
				"up": {"uv": [5, 11, 4, 12], "rotation": 180, "texture": "#5"},
				"down": {"uv": [12, 5, 11, 4], "rotation": 180, "texture": "#5"}
			}
		},
		{
			"from": [13.59359, 19.96859, 7.5],
			"to": [15.59359, 21.96859, 8.5],
			"rotation": {"angle": 22.5, "axis": "z", "origin": [11.5, 17.875, 8]},
			"faces": {
				"north": {"uv": [10, 8, 8, 10], "texture": "#5"},
				"east": {"uv": [4, 11, 3, 13], "texture": "#5"},
				"south": {"uv": [2, 9, 0, 11], "texture": "#5"},
				"west": {"uv": [3, 11, 2, 13], "texture": "#5"},
				"up": {"uv": [10, 10, 12, 9], "texture": "#5"},
				"down": {"uv": [11, 3, 13, 4], "texture": "#5"}
			}
		}
	],
	"display": {
		"thirdperson_righthand": {
			"rotation": [50, 0, 0],
			"translation": [0, -0.5, 1],
			"scale": [0.7, 0.7, 0.7]
		},
		"thirdperson_lefthand": {
			"rotation": [50, 0, 0],
			"translation": [0, -0.5, 1],
			"scale": [0.7, 0.7, 0.7]
		},
		"firstperson_righthand": {
			"rotation": [0, 140, 0],
			"translation": [0, 2, 0],
			"scale": [0.4, 0.4, 0.4]
		},
		"firstperson_lefthand": {
			"rotation": [0, 140, 0],
			"translation": [0, 2, 0],
			"scale": [0.4, 0.4, 0.4]
		},
		"ground": {
			"translation": [0, 4, 0],
			"scale": [0.8, 0.8, 0.8]
		},
		"gui": {
			"rotation": [30, -135, 0],
			"translation": [0, -1.25, 0],
			"scale": [0.625, 0.625, 0.625]
		},
		"head": {
			"translation": [0, 14, 0]
		},
		"fixed": {
			"rotation": [-90, 0, 0],
			"translation": [0, 0, -16],
			"scale": [2, 2, 2]
		}
	},
	"groups": [
		{
			"name": "trophy",
			"origin": [8, 5, 8],
			"color": 0,
			"children": [0, 1, 2, 3, 4, 5, 6, 7, 8, 9, 10]
		},
		{
			"name": "sword",
			"origin": [8, 17.5, 8],
			"color": 0,
			"children": [11, 12, 13, 14]
		},
		{
			"name": "sword",
			"origin": [8, 17.5, 8],
			"color": 0,
			"children": [15, 16, 17, 18]
		}
	]
}