{
	"format_version": "1.21.6",
	"credit": "Made with Blockbench",
	"texture_size": [32, 32],
	"textures": {
		"0": "deked_out:item/overlay/glow",
		"particle": "deked_out:item/overlay/glow"
	},
	"elements": [
		{
			"from": [0, 1, 8],
			"to": [16, 15, 8],
			"light_emission": 15,
			"rotation": {"angle": 0, "axis": "y", "origin": [8, 8, 8]},
			"faces": {
				"north": {"uv": [0, 2, 16, 16], "texture": "#0"},
				"east": {"uv": [0, 0, 0, 8], "texture": "#0"},
				"south": {"uv": [0, 2, 16, 16], "texture": "#0"},
				"west": {"uv": [0, 0, 0, 8], "texture": "#0"},
				"up": {"uv": [8, 0, 0, 0], "texture": "#0"},
				"down": {"uv": [8, 0, 0, 0], "texture": "#0"}
			}
		}
	],
	"display": {
		"thirdperson_righthand": {
			"rotation": [75, 45, 0],
			"translation": [0, 2.5, 0],
			"scale": [0, 0, 0]
		},
		"thirdperson_lefthand": {
			"rotation": [75, 45, 0],
			"translation": [0, 2.5, 0],
			"scale": [0, 0, 0]
		},
		"firstperson_righthand": {
			"rotation": [0, 45, 0],
			"scale": [0, 0, 0]
		},
		"firstperson_lefthand": {
			"rotation": [0, -135, 0],
			"scale": [0, 0, 0]
		},
		"ground": {
			"translation": [0, 3, 0],
			"scale": [0, 0, 0]
		},
		"gui": {
			"translation": [0, 0, -80]
		},
		"head": {
			"scale": [0, 0, 0]
		},
		"fixed": {
			"translation": [0, 0, -0.05],
			"scale": [1.25, 1.25, 1.25]
		}
	}
}