{
    "model": {
        "type": "range_dispatch",
        "property": "custom_model_data",
        "fallback": {
            "type": "model",
            "model": "minecraft:item/gold_nugget"
        },
        "entries": [
            {
                "threshold": 1,
                "model": {
                    "type": "model",
                    "model": "nodenium:zombie_trophy"
                }
            },
            {
                "threshold": 2,
                "model": {
                    "type": "model",
                    "model": "nodenium:zombie_sword_trophy"
                }
            },
            {
                "threshold": 3,
                "model": {
                    "type": "model",
                    "model": "nodenium:easter_trophy"
                }
            },
            {
                "threshold": 4,
                "model": {
                    "type": "model",
                    "model": "nodenium:zombie_trophy"
                }
            },
            {
                "threshold": 5,
                "model": {
                    "type": "model",
                    "model": "nodenium:zombie_sword_trophy"
                }
            }
        ]
    }
}