{
    "model": {
        "type": "range_dispatch",
        "property": "custom_model_data",
        "fallback": {
            "type": "model",
            "model": "minecraft:item/gold_nugget"
        },
        "entries": [
            {
                "threshold": 1,
                "model": {
                    "type": "model",
                    "model": "nodenium:zombie_trophy"
                }
            },
            {
                "threshold": 2,
                "model": {
                    "type": "model",
                    "model": "nodenium:zombie_sword_trophy"
                }
            },
            {
                "threshold": 3,
                "model": {
                    "type": "model",
                    "model": "nodenium:easter_trophy"
                }
            },
            {
                "threshold": 4,
                "model": {
                    "type": "model",
                    "model": "nodenium:zombie_trophy"
                }
            },
            {
                "threshold": 5,
                "model": {
                    "type": "model",
                    "model": "nodenium:zombie_sword_trophy"
                }
            },
            {
                "threshold": 6,
                "model": {
                    "type": "model",
                    "model": "nodenium:zombie_trophy_2"
                }
            },
            {
                "threshold": 7,
                "model": {
                    "type": "model",
                    "model": "nodenium:zombie_sword_trophy_2"
                }
            },
            {
                "threshold": 8,
                "model": {
                    "type": "model",
                    "model": "nodenium:portal_trophy_3rd"
                }
            },
            {
                "threshold": 9,
                "model": {
                    "type": "model",
                    "model": "nodenium:portal_trophy_2nd"
                }
            },
            {
                "threshold": 10,
                "model": {
                    "type": "model",
                    "model": "nodenium:portal_trophy_1st"
                }
            },
            {
                "threshold": 11,
                "model": {
                    "type": "model",
                    "model": "nodenium:guitar_trophy"
                }
            }
        ]
    }
}