{
    "model": {
        "type": "range_dispatch",
        "property": "custom_model_data",
        "fallback": {
            "type": "model",
            "model": "minecraft:item/netherite_sword"
        },
        "entries": [
            {
                "threshold": 1,
                "model": {
                    "type": "model",
                    "model": "nodenium:baguette_sword"
                }
            },
            {
                "threshold": 2,
                "model": {
                    "type": "model",
                    "model": "nodenium:chainsaw_blade"
                }
            },
            {
                "threshold": 3,
                "model": {
                    "type": "model",
                    "model": "nodenium:update_pack"
                }
            }
        ]
    }
}