{
    "model": {
        "type": "range_dispatch",
        "property": "custom_model_data",
        "fallback": {
            "type": "minecraft:select",
            "cases": [
                {
                    "model": {
                        "type": "minecraft:model",
                        "model": "minecraft:item/spyglass"
                    },
                    "when": [
                        "gui",
                        "ground",
                        "fixed"
                    ]
                }
            ],
            "fallback": {
                "type": "minecraft:model",
                "model": "minecraft:item/spyglass_in_hand"
            },
            "property": "minecraft:display_context"
        },
        "entries": [
            {
                "threshold": 1,
                "model": {
                    "type": "model",
                    "model": "nodenium:shoulder_mount_camera"
                }
            },
            {
                "threshold": 2,
                "model": {
                    "type": "model",
                    "model": "nodenium:magnifying_glass"
                }
            }
        ]
    }
}